AB1,01 JAN 1983,-34.93,138.6,Donald L Riddle,,"Adelaide, Australia",D. Riddle,soil under rotting vegetation
AB2,01 JAN 1983,-34.93,138.6,Donald L Riddle,,"Adelaide, Australia",D. Riddle,soil under rotting vegetation
AB3,,,,NA,,,,
AB4,01 JAN 1983,-34.93,138.6,Donald L Riddle,,"Adelaide, Australia",D. Riddle,soil under rotting vegetation
CB3191,,,,NA,,,,
CB3192,,,,NA,,,,
CB3193,,,,NA,,,,
CB3194,,,,NA,,,,
CB3195,,,,NA,,,,
CB3196,,,,NA,,,,
CB3197,,,,NA,,,,
CB3198,01 JAN 1973,34.14,-118.13,Edward M Hedgecock,Urban garden,"California Institute of Technology, Pasadena, USA",E.M. Hedgecock,flower bed
CB3199,,,,NA,,,,
CB4507,,,,NA,,,,
CB4555,,,,NA,,,,
CB4851,01 JAN 1949,44.85,0.48,Victor Marc Nigon,Urban garden,"Bergerac, France",V. Nigon,soil
CB4852,,,,NA,,,,
CB4853,01 May 1974,34.189,-118.131,Charles D. Johnson,Urban garden,"Altadena, USA",C.D. Johnson,vegetable garden
CB4854,01 May 1974,34.189,-118.131,Charles D. Johnson,Urban garden,"Altadena, USA",C.D. Johnson,vegetable garden
CB4855,01 JAN 1983,37.44,-122.17,Tabitha Doniach,Urban garden,"Stanford University, Palo Alto, USA",T. Doniach,compost heap
CB4856,01 Aug 1972,19,-155,NA,Rural garden,Hawaii,L. Hollen,pineapple field
CB4857,01 Nov 1972,34.096,-117.719,Edward M Hedgecock,,"Claremont, USA",E.M. Hedgecock,rotting mushroom
CB4858,01 JAN 1973,34.14,-118.13,Edward M Hedgecock,Urban garden,"Pasadena, USA",E.M. Hedgecock,flower bed
CB4869,,,,NA,,,,
CB4932,,51.02,-3.1,Parwinder Grewal,Rural garden,"Taunton, Great Britain",P.S. Grewal,mushroom casing
CC1,,,,NA,,,,
CC2,,,,NA,,,,
CC3,,,,NA,,,,
CX11254,01 Sep 2003,34.13,-118.11,NA,Urban garden,"Huntington Gardens, Los Angeles, USA",A. Sivasundar,soil
CX11258,01 Sep 2003,34.13,-118.29,NA,,"Griffith Park, Los Angeles, USA",A. Sivasundar,soil
CX11259,01 Feb 2004,34.13,-118.29,NA,,"Griffith Park, Los Angeles, USA",A. Sivasundar,compost heap
CX11262,01 Sep 2003,34.13,-118.11,NA,Urban garden,"Huntington Gardens, Los Angeles, USA",A. Sivasundar,soil
CX11264,01 Sep 2003,34.13,-118.11,NA,Urban garden,"Huntington Gardens, Los Angeles, USA",A. Sivasundar,soil
CX11268,01 Sep 2003,34.13,-118.11,NA,Urban garden,"Huntington Gardens, Los Angeles, USA",A. Sivasundar,soil
CX11271,01 Sep 2003,34.14,-118.13,NA,Urban garden,"California Institute of Technology, Pasadena, USA",A. Sivasundar,soil
CX11276,01 Sep 2003,34.21,-118.21,NA,Urban garden,"Decanso Gardens, Los Angeles, USA",A. Sivasundar,soil
CX11278,01 Sep 2003,34.13,-118.29,NA,,"Griffith Park, Los Angeles, USA",A. Sivasundar,compost heap
CX11285,01 Sep 2003,34.16,-118.05,NA,Urban garden,"Los Angeles Arboretum, Los Angeles, USA",A. Sivasundar,soil
CX11292,01 Feb 2004,34.13,-118.29,NA,Urban garden,"Griffith Park, Los Angeles, USA",A. Sivasundar,compost heap
CX11294,01 Sep 2003,34.13,-118.11,NA,Urban garden,"Huntington Gardens, Los Angeles, USA",A. Sivasundar,soil
CX11305,01 Sep 2003,34.13,-118.29,NA,,"Griffith Park, Los Angeles, USA",A. Sivasundar,soil
CX11307,01 Sep 2003,34.13,-118.11,NA,Urban garden,"Huntington Gardens, Los Angeles, USA",A. Sivasundar,soil
CX11314,01 Sep 2003,34.13,-118.11,NA,Urban garden,"Huntington Gardens, Los Angeles, USA",A. Sivasundar,soil
CX11315,01 Sep 2003,34.13,-118.11,NA,Urban garden,"Huntington Gardens, Los Angeles, USA",A. Sivasundar,soil
CX11316,01 Sep 2003,34.21,-118.21,NA,Urban garden,"Decanso Gardens, Los Angeles, USA",A. Sivasundar,soil
CX11317,01 Sep 2003,34.13,-118.29,NA,,"Griffith Park, Los Angeles, USA",A. Sivasundar,compost heap
CX11319,01 Sep 2003,34.14,-118.13,NA,Urban garden,"California Institute of Technology, Pasadena, USA",A. Sivasundar,soil
CX11321,01 Sep 2003,34.16,-118.05,NA,,"Los Angeles Arboretum, Los Angeles, USA",A. Sivasundar,soil
DA650,,,,NA,,,,
DH424,,,,NA,,,,
DL200,01 Dec 2007,9.03,38.74,Dee R. Denver,Urban garden,"Addis Ababa, Ethiopia",D. Denver,soil
DL238,15 Jul 2008,19.22,-155.82,NA,Forest,"Manuka, USA",J. Knapp,soil
DP13,,,,NA,,,,
DR1344,01 JAN 1949,44.85,0.48,Victor Marc Nigon,Urban garden,"Bergerac, France",V. Nigon,soil
DR1345,,,,NA,,,,
DR1346,,,,NA,,,,
DR1347,,,,NA,,,,
DR1348,,,,NA,,,,
DR1349,,,,NA,,,,
DR1350,01 JAN 1973,34.14,-118.13,Edward M Hedgecock,Urban garden,"California Institute of Technology, Pasadena, USA",E.M. Hedgecock,flower bed
ED3005,25 Oct 2004,55.94,-3.36,Asher D Cutter,Urban garden,"Ediburgh, Scotland",A. Cutter,compost heap
ED3010,26 Nov 2004,55.92,-3.19,Asher D Cutter,Urban garden,"Ediburgh, Scotland",A. Cutter,compost heap
ED3011,26 Nov 2004,55.92,-3.19,Asher D Cutter,Urban garden,"Ediburgh, Scotland",A. Cutter,compost heap
ED3012,26 Nov 2004,55.92,-3.19,Asher D Cutter,Urban garden,"Ediburgh, Scotland",A. Cutter,compost heap
ED3014,03 Dec 2004,55.92,-3.19,Asher D Cutter,Urban garden,"Ediburgh, Scotland",A. Cutter,compost heap
ED3015,03 Dec 2004,55.92,-3.19,Asher D Cutter,Urban garden,"Ediburgh, Scotland",A. Cutter,compost heap
ED3017,03 Dec 2004,55.92,-3.19,Asher D Cutter,Urban garden,"Ediburgh, Scotland",A. Cutter,compost heap
ED3019,03 Dec 2004,55.92,-3.19,Asher D Cutter,Urban garden,"Ediburgh, Scotland",A. Cutter,compost heap
ED3020,03 Dec 2004,55.92,-3.19,Asher D Cutter,Urban garden,"Ediburgh, Scotland",A. Cutter,compost heap
ED3021,03 Dec 2004,55.92,-3.19,Asher D Cutter,Urban garden,"Edinburgh, Scotland",A. Cutter,compost heap
ED3023,03 Dec 2004,55.92,-3.19,Asher D Cutter,Urban garden,"Ediburgh, Scotland",A. Cutter,compost heap
ED3024,03 Dec 2004,55.92,-3.19,Asher D Cutter,Urban garden,"Ediburgh, Scotland",A. Cutter,compost heap
ED3028,03 Dec 2004,55.92,-3.19,Asher D Cutter,Urban garden,"Ediburgh, Scotland",A. Cutter,compost heap
ED3040,01 Mar 2006,-26.1,28.01,NA,Urban garden,"Johannesburg, South Africa",E. Dolgin,compost heap
ED3042,01 Mar 2006,-33.22,19.19,NA,Urban garden,"Ceres, South Africa",E. Dolgin,compost heap
ED3043,01 Mar 2006,-33.22,19.19,NA,Urban garden,"Ceres, South Africa",E. Dolgin,compost heap
ED3046,01 Mar 2006,-33.22,19.19,NA,Urban garden,"Ceres, South Africa",E. Dolgin,compost heap
ED3048,01 Mar 2006,-33.22,19.19,NA,Urban garden,"Ceres, South Africa",E. Dolgin,compost heap
ED3049,01 Mar 2006,-33.22,19.19,NA,Urban garden,"Ceres, South Africa",E. Dolgin,compost heap
ED3052,01 Mar 2006,-33.22,19.19,NA,Urban garden,"Ceres, South Africa",E. Dolgin,compost heap
ED3054,,,,NA,,"Limuri, Kenya",,
ED3072,,,,NA,,,,
ED3073,01 Mar 2006,-1.05,36.39,NA,Agricultural land,"Limuru, Kenya",E. Dolgin,compost heap
ED3075,01 Mar 2006,-1.05,36.39,NA,Agricultural land,"Limuru, Kenya",E. Dolgin,compost heap
ED3077,01 Mar 2006,-1.19,36.48,NA,,"Nairobi, Kenya",E. Dolgin,leaf litter
EG4346,01 Oct 2006,44.05,-123.11,Michael Ailion,Urban garden,"Eugene, USA",M. Ailion,"rotting fruit, tomato"
EG4347,01 Oct 2006,44.05,-123.11,Michael Ailion,Urban garden,"Eugene, USA",M. Ailion,"rotting fruit, tomato"
EG4348,01 Oct 2006,40.78,-111.93,Michael Ailion,,"Salt Lake City, USA",M. Ailion,"rotting fruit, apple"
EG4349,01 Oct 2006,40.78,-111.93,Michael Ailion,,"Salt Lake City, USA",M. Ailion,"rotting fruit, apple"
EG4680,01 Sep 2006,40.78,-111.93,Michael Ailion,,"Salt Lake City, USA",M. Ailion,"rotting fruit, apple"
EG4689,01 Sep 2006,40.78,-111.93,Michael Ailion,,"Salt Lake City, USA",M. Ailion,"rotting fruit, apple"
EG4724,01 Mar 2007,41.64,-8.35,Michael Ailion,Urban garden,"Amares, Portugal",M. Ailion,"rotting fruit, apple"
EG4725,01 Mar 2007,41.64,-8.35,Michael Ailion,Urban garden,"Amares, Portugal",M. Ailion,"rotting fruit, apple"
EG4945,27 Sep 2007,40.726,-111.822,Gunther Hollopeter,,"Salt Lake City, USA",G. Hollopeter,"rotting nuts, walnuts"
EG4946,27 Sep 2007,40.726,-111.822,Gunther Hollopeter,,"Salt Lake City, USA",G. Hollopeter,"rotting nuts, walnuts"
EG4948,27 Sep 2007,40.726,-111.822,Gunther Hollopeter,,"Salt Lake City, USA",G. Hollopeter,"live insect, millipede"
EG4951,09 Oct 2007,40.726,-111.822,Gunther Hollopeter,,"Salt Lake City, USA",G. Hollopeter,"rotting nuts, walnuts"
EG4957,09 Oct 2007,40.726,-111.822,Gunther Hollopeter,,"Salt Lake City, USA",G. Hollopeter,"rotting nuts, walnuts"
GM209,,,,NA,,,,
JT11362,01 May 2003,47.76,-122.28,John M. Kemner,Urban garden,"Lake Forest Park, USA",J. Kemner,worm bin
JT11398,01 Dec 2003,47.76,-122.28,John M. Kemner,Urban garden,"Lake Forest Park, USA",J. Kemner,worm bin
JT11399,01 Dec 2003,47.76,-122.28,John M. Kemner,Urban garden,"Lake Forest Park, USA",J. Kemner,worm bin
JU258,01 Oct 2001,32.73,-16.89,Marie-Anne Felix,Agricultural land,"Ribeiro Frio, Madeira",Marie-Anne Felix,soil
JU262,03 Nov 2001,46.63,1.06,Marie-Anne Felix,Rural garden,"Le Blanc, France",Marie-Anne Felix,compost heap
JU263,03 Nov 2001,46.63,1.06,Marie-Anne Felix,Rural garden,"Le Blanc, France",Marie-Anne Felix,compost heap
JU277,11 May 2002,46.63,1.06,Marie-Anne Felix,Rural garden,"Le Blanc, France",Marie-Anne Felix,"live mollusk, snails"
JU298,25 Aug 2002,46.63,1.06,Marie-Anne Felix,Rural garden,"Le Blanc, France",Marie-Anne Felix,compost heap
JU299,25 Aug 2002,46.63,1.06,Marie-Anne Felix,Rural garden,"Le Blanc, France",Marie-Anne Felix,compost heap
JU300,25 Aug 2002,46.63,1.06,Marie-Anne Felix,Rural garden,"Le Blanc, France",Marie-Anne Felix,compost heap
JU301,25 Aug 2002,46.63,1.06,Marie-Anne Felix,Rural garden,"Le Blanc, France",Marie-Anne Felix,compost heap
JU302,25 Aug 2002,46.63,1.06,Marie-Anne Felix,Rural garden,"Le Blanc, France",Marie-Anne Felix,compost heap
JU303,25 Aug 2002,46.63,1.06,Marie-Anne Felix,Rural garden,"Le Blanc, France",Marie-Anne Felix,compost heap
JU304,25 Aug 2002,46.63,1.06,Marie-Anne Felix,Rural garden,"Le Blanc, France",Marie-Anne Felix,compost heap
JU305,25 Aug 2002,46.63,1.06,Marie-Anne Felix,Rural garden,"Le Blanc, France",Marie-Anne Felix,compost heap
JU306,25 Aug 2002,46.63,1.06,Marie-Anne Felix,Rural garden,"Le Blanc, France",Marie-Anne Felix,compost heap
JU307,25 Aug 2002,46.63,1.06,Marie-Anne Felix,Rural garden,"Le Blanc, France",Marie-Anne Felix,compost heap
JU308,25 Aug 2002,46.63,1.06,Marie-Anne Felix,Rural garden,"Le Blanc, France",Marie-Anne Felix,compost heap
JU309,25 Aug 2002,46.63,1.06,Marie-Anne Felix,Rural garden,"Le Blanc, France",Marie-Anne Felix,compost heap
JU310,25 Aug 2002,46.63,1.06,Marie-Anne Felix,Rural garden,"Le Blanc, France",Marie-Anne Felix,compost heap
JU311,08 Sep 2002,44.42,4.4,Marie-Anne Felix,Rural garden,"Merlet, France",Marie-Anne Felix,"live mollusk, snails"
JU312,08 Sep 2002,44.42,4.4,Marie-Anne Felix,Rural garden,"Merlet, France",Marie-Anne Felix,"live mollusk, snails"
JU313,08 Sep 2002,44.42,4.4,Marie-Anne Felix,Rural garden,"Merlet, France",Marie-Anne Felix,"live mollusk, snails"
JU314,08 Sep 2002,44.42,4.4,Marie-Anne Felix,Rural garden,"Merlet, France",Marie-Anne Felix,"live mollusk, Helix"
JU315,08 Sep 2002,44.42,4.4,Marie-Anne Felix,Rural garden,"Merlet, France",Marie-Anne Felix,"live mollusk, Pomatias"
JU316,08 Sep 2002,44.42,4.4,Marie-Anne Felix,Rural garden,"Merlet, France",Marie-Anne Felix,"live mollusk, Pomatias"
JU317,08 Sep 2002,44.42,4.4,Marie-Anne Felix,Rural garden,"Merlet, France",Marie-Anne Felix,"live mollusk, Oxychilus"
JU318,08 Sep 2002,44.42,4.4,Marie-Anne Felix,Rural garden,"Merlet, France",Marie-Anne Felix,soil
JU319,08 Sep 2002,44.42,4.4,Marie-Anne Felix,Rural garden,"Merlet, France",Marie-Anne Felix,soil
JU320,08 Sep 2002,44.42,4.4,Marie-Anne Felix,Rural garden,"Merlet, France",Marie-Anne Felix,soil
JU321,08 Sep 2002,44.42,4.4,Marie-Anne Felix,Rural garden,"Merlet, France",Marie-Anne Felix,soil
JU322,08 Sep 2002,44.42,4.4,Marie-Anne Felix,Rural garden,"Merlet, France",Marie-Anne Felix,"live mollusk, Helix"
JU323,08 Sep 2002,44.42,4.4,Marie-Anne Felix,Rural garden,"Merlet, France",Marie-Anne Felix,"live mollusk, Helix"
JU342,08 Sep 2002,44.42,4.4,Marie-Anne Felix,Rural garden,"Merlet, France",Marie-Anne Felix,"live mollusk, snails"
JU343,08 Sep 2002,44.42,4.4,Marie-Anne Felix,Rural garden,"Merlet, France",Marie-Anne Felix,"live arthropod, Glomeris"
JU344,08 Sep 2002,44.42,4.4,Marie-Anne Felix,Rural garden,"Merlet, France",Marie-Anne Felix,"live arthropod, Glomeris"
JU345,08 Sep 2002,44.42,4.4,Marie-Anne Felix,Rural garden,"Merlet, France",Marie-Anne Felix,"live arthropod, Glomeris"
JU346,08 Sep 2002,44.42,4.4,Marie-Anne Felix,Rural garden,"Merlet, France",Marie-Anne Felix,"live arthropod, Glomeris"
JU347,08 Sep 2002,44.42,4.4,Marie-Anne Felix,Rural garden,"Merlet, France",Marie-Anne Felix,"live mollusk, Pomatias"
JU360,02 Sep 2002,48.98,2.23,Marie-Anne Felix,Urban garden,"Franconville, France",Claude Pieau,compost heap
JU361,02 Sep 2002,48.98,2.23,Marie-Anne Felix,Urban garden,"Franconville, France",Claude Pieau,compost heap
JU362,16 Sep 2002,48.98,2.23,Marie-Anne Felix,Urban garden,"Franconville, France",Claude Pieau,compost heap
JU363,16 Sep 2002,48.98,2.23,Marie-Anne Felix,Urban garden,"Franconville, France",Claude Pieau,compost heap
JU364,16 Sep 2002,48.98,2.23,Marie-Anne Felix,Urban garden,"Franconville, France",Claude Pieau,compost heap
JU365,16 Sep 2002,48.98,2.23,Marie-Anne Felix,Urban garden,"Franconville, France",Claude Pieau,compost heap
JU366,16 Sep 2002,48.98,2.23,Marie-Anne Felix,Urban garden,"Franconville, France",Claude Pieau,compost heap
JU367,16 Sep 2002,48.98,2.23,Marie-Anne Felix,Urban garden,"Franconville, France",Claude Pieau,compost heap
JU368,16 Sep 2002,48.98,2.23,Marie-Anne Felix,Urban garden,"Franconville, France",Claude Pieau,compost heap
JU369,16 Sep 2002,48.98,2.23,Marie-Anne Felix,Urban garden,"Franconville, France",Claude Pieau,compost heap
JU370,16 Sep 2002,48.98,2.23,Marie-Anne Felix,Urban garden,"Franconville, France",Claude Pieau,compost heap
JU371,16 Sep 2002,48.98,2.23,Marie-Anne Felix,Urban garden,"Franconville, France",Claude Pieau,compost heap
JU393,01 Sep 2002,49.28,-0.32,Antoine Barriere,Rural garden,"Hermanville, France",Antoine Barriere,compost heap
JU394,01 Sep 2002,49.28,-0.32,Antoine Barriere,Rural garden,"Hermanville, France",Antoine Barriere,compost heap
JU395,01 Sep 2002,49.28,-0.32,Antoine Barriere,Rural garden,"Hermanville, France",Antoine Barriere,compost heap
JU396,01 Sep 2002,49.28,-0.32,Antoine Barriere,Rural garden,"Hermanville, France",Antoine Barriere,compost heap
JU397,01 Sep 2002,49.28,-0.32,Antoine Barriere,Rural garden,"Hermanville, France",Antoine Barriere,compost heap
JU398,01 Sep 2002,49.28,-0.32,Antoine Barriere,Rural garden,"Hermanville, France",Antoine Barriere,compost heap
JU399,01 Sep 2002,49.28,-0.32,Antoine Barriere,Rural garden,"Hermanville, France",Antoine Barriere,compost heap
JU400,01 Sep 2002,49.28,-0.32,Antoine Barriere,Rural garden,"Hermanville, France",Antoine Barriere,compost heap
JU401,01 Sep 2002,49.28,-0.32,Antoine Barriere,Rural garden,"Hermanville, France",Antoine Barriere,compost heap
JU402,01 Sep 2002,49.28,-0.32,Antoine Barriere,Rural garden,"Hermanville, France",Antoine Barriere,compost heap
JU406,30 Dec 2002,49.28,-0.32,Antoine Barriere,Rural garden,"Hermanville, France",Antoine Barriere,compost heap
JU407,30 Dec 2002,49.28,-0.32,Antoine Barriere,Rural garden,"Hermanville, France",Antoine Barriere,compost heap
JU438,01 Jun 2003,49.28,-0.32,Antoine Barriere,Rural garden,"Hermanville, France",Antoine Barriere,soil
JU440,12 Sep 2003,48.715,1.56,Marie-Anne Felix,Rural garden,"Beauchne, France",Dorothee Balle,compost heap
JU496,21 Jun 2004,48.84,2.5,Marie-Anne Felix,Urban garden,"Le Perreux-sur-Marne, France",Jean-Antoine Lepesant,compost heap
JU497,21 Jun 2004,48.84,2.5,Marie-Anne Felix,Urban garden,"Le Perreux-sur-Marne, France",Jean-Antoine Lepesant,compost heap
JU498,21 Jun 2004,48.84,2.5,Marie-Anne Felix,Urban garden,"Le Perreux-sur-Marne, France",Jean-Antoine Lepesant,compost heap
JU499,21 Jun 2004,48.84,2.5,Marie-Anne Felix,Urban garden,"Le Perreux-sur-Marne, France",Jean-Antoine Lepesant,compost heap
JU500,21 Jun 2004,48.84,2.5,Marie-Anne Felix,Urban garden,"Le Perreux-sur-Marne, France",Jean-Antoine Lepesant,compost heap
JU501,21 Jun 2004,48.84,2.5,Marie-Anne Felix,Urban garden,"Le Perreux-sur-Marne, France",Jean-Antoine Lepesant,compost heap
JU502,21 Jun 2004,48.84,2.5,Marie-Anne Felix,Urban garden,"Le Perreux-sur-Marne, France",Jean-Antoine Lepesant,compost heap
JU503,21 Jun 2004,48.84,2.5,Marie-Anne Felix,Urban garden,"Le Perreux-sur-Marne, France",Jean-Antoine Lepesant,compost heap
JU504,21 Jun 2004,48.84,2.5,Marie-Anne Felix,Urban garden,"Le Perreux-sur-Marne, France",Jean-Antoine Lepesant,compost heap
JU505,21 Jun 2004,48.84,2.5,Marie-Anne Felix,Urban garden,"Le Perreux-sur-Marne, France",Jean-Antoine Lepesant,compost heap
JU526,03 Oct 2004,48.71,-3.81,Marie-Anne Felix,Rural garden,"Primel Tregastel, France",Marie-Anne Felix,compost heap
JU527,03 Oct 2004,48.71,-3.81,Marie-Anne Felix,Rural garden,"Primel Tregastel, France",Marie-Anne Felix,compost heap
JU528,03 Oct 2004,48.71,-3.81,Marie-Anne Felix,Rural garden,"Primel Tregastel, France",Marie-Anne Felix,compost heap
JU529,03 Oct 2004,48.71,-3.81,Marie-Anne Felix,Rural garden,"Primel Tregastel, France",Marie-Anne Felix,compost heap
JU530,03 Oct 2004,48.71,-3.81,Marie-Anne Felix,Rural garden,"Primel Tregastel, France",Marie-Anne Felix,compost heap
JU531,03 Oct 2004,48.71,-3.81,Marie-Anne Felix,Rural garden,"Primel Tregastel, France",Marie-Anne Felix,compost heap
JU532,03 Oct 2004,48.71,-3.81,Marie-Anne Felix,Rural garden,"Primel Tregastel, France",Marie-Anne Felix,compost heap
JU533,03 Oct 2004,48.71,-3.81,Marie-Anne Felix,Rural garden,"Primel Tregastel, France",Marie-Anne Felix,compost heap
JU534,03 Oct 2004,48.71,-3.81,Marie-Anne Felix,Rural garden,"Primel Tregastel, France",Marie-Anne Felix,compost heap
JU535,03 Oct 2004,48.71,-3.81,Marie-Anne Felix,Rural garden,"Primel Tregastel, France",Marie-Anne Felix,compost heap
JU536,03 Oct 2004,48.71,-3.81,Marie-Anne Felix,Rural garden,"Primel Tregastel, France",Marie-Anne Felix,compost heap
JU537,03 Oct 2004,48.71,-3.81,Marie-Anne Felix,Rural garden,"Primel Tregastel, France",Marie-Anne Felix,compost heap
JU538,03 Oct 2004,48.71,-3.81,Marie-Anne Felix,Rural garden,"Primel Tregastel, France",Marie-Anne Felix,"live arthropod, Oniscus asellus"
JU539,03 Oct 2004,48.71,-3.81,Marie-Anne Felix,Rural garden,"Primel Tregastel, France",Marie-Anne Felix,"live arthropod, Oniscus asellus"
JU540,03 Oct 2004,48.71,-3.81,Marie-Anne Felix,Rural garden,"Primel Tregastel, France",Marie-Anne Felix,"live arthropod, Oniscus asellus"
JU541,03 Oct 2004,48.71,-3.81,Marie-Anne Felix,Rural garden,"Primel Tregastel, France",Marie-Anne Felix,"live arthropod, Oniscus asellus"
JU542,03 Oct 2004,48.71,-3.81,Marie-Anne Felix,Rural garden,"Primel Tregastel, France",Marie-Anne Felix,"live arthropod, Oniscus asellus"
JU543,03 Oct 2004,48.71,-3.81,Marie-Anne Felix,Rural garden,"Primel Tregastel, France",Marie-Anne Felix,"live arthropod, Oniscus asellus"
JU544,03 Oct 2004,48.71,-3.81,Marie-Anne Felix,Rural garden,"Primel Tregastel, France",Marie-Anne Felix,"live arthropod, Oniscus asellus"
JU545,03 Oct 2004,48.71,-3.81,Marie-Anne Felix,Rural garden,"Primel Tregastel, France",Marie-Anne Felix,"live arthropod, Oniscus asellus"
JU546,03 Oct 2004,48.71,-3.81,Marie-Anne Felix,Rural garden,"Primel Tregastel, France",Marie-Anne Felix,"live arthropod, Oniscus asellus"
JU547,03 Oct 2004,48.71,-3.81,Marie-Anne Felix,Rural garden,"Primel Tregastel, France",Marie-Anne Felix,"live arthropod, Oniscus asellus"
JU548,03 Oct 2004,48.71,-3.81,Marie-Anne Felix,Rural garden,"Primel Tregastel, France",Marie-Anne Felix,"live arthropod, Oniscus asellus"
JU549,03 Oct 2004,48.71,-3.81,Marie-Anne Felix,Rural garden,"Primel Tregastel, France",Marie-Anne Felix,"live arthropod, Oniscus asellus"
JU550,03 Oct 2004,48.71,-3.81,Marie-Anne Felix,Rural garden,"Primel Tregastel, France",Marie-Anne Felix,"live arthropod, Oniscus asellus"
JU551,03 Oct 2004,48.71,-3.81,Marie-Anne Felix,Rural garden,"Primel Tregastel, France",Marie-Anne Felix,"live arthropod, Oniscus asellus"
JU552,03 Oct 2004,48.71,-3.81,Marie-Anne Felix,Rural garden,"Primel Tregastel, France",Marie-Anne Felix,"live arthropod, Oniscus asellus"
JU553,03 Oct 2004,48.71,-3.81,Marie-Anne Felix,Rural garden,"Primel Tregastel, France",Marie-Anne Felix,"live arthropod, Oniscus asellus"
JU554,03 Oct 2004,48.71,-3.81,Marie-Anne Felix,Rural garden,"Primel Tregastel, France",Marie-Anne Felix,"live arthropod, Oniscus asellus"
JU555,03 Oct 2004,48.71,-3.81,Marie-Anne Felix,Rural garden,"Primel Tregastel, France",Marie-Anne Felix,"live arthropod, Oniscus asellus"
JU556,03 Oct 2004,48.71,-3.81,Marie-Anne Felix,Rural garden,"Primel Tregastel, France",Marie-Anne Felix,"live arthropod, Oniscus asellus"
JU557,03 Oct 2004,48.71,-3.81,Marie-Anne Felix,Rural garden,"Primel Tregastel, France",Marie-Anne Felix,"live arthropod, Oniscus asellus"
JU558,03 Oct 2004,48.71,-3.81,Marie-Anne Felix,Rural garden,"Primel Tregastel, France",Marie-Anne Felix,"live arthropod, Oniscus asellus"
JU559,03 Oct 2004,48.71,-3.81,Marie-Anne Felix,Rural garden,"Primel Tregastel, France",Marie-Anne Felix,"live arthropod, Oniscus asellus"
JU560,03 Oct 2004,48.71,-3.81,Marie-Anne Felix,Rural garden,"Primel Tregastel, France",Marie-Anne Felix,"live arthropod, Oniscus asellus"
JU561,03 Oct 2004,48.71,-3.81,Marie-Anne Felix,Rural garden,"Sainte-Barbe, France",Marie-Anne Felix,"live arthropod, isopod"
JU562,03 Oct 2004,48.7069,-3.8037,Marie-Anne Felix,Rural garden,"Sainte-Barbe, France",Marie-Anne Felix,compost heap
JU563,03 Oct 2004,48.7069,-3.8037,Marie-Anne Felix,Rural garden,"Sainte-Barbe, France",Marie-Anne Felix,compost heap
JU564,03 Oct 2004,48.7069,-3.8037,Marie-Anne Felix,Rural garden,"Sainte-Barbe, France",Marie-Anne Felix,compost heap
JU565,03 Oct 2004,48.7069,-3.8037,Marie-Anne Felix,Rural garden,"Sainte-Barbe, France",Marie-Anne Felix,compost heap
JU566,03 Oct 2004,48.7069,-3.8037,Marie-Anne Felix,Rural garden,"Sainte-Barbe, France",Marie-Anne Felix,compost heap
JU567,03 Oct 2004,48.7069,-3.8037,Marie-Anne Felix,Rural garden,"Sainte-Barbe, France",Marie-Anne Felix,compost heap
JU568,03 Oct 2004,48.7069,-3.8037,Marie-Anne Felix,Rural garden,"Sainte-Barbe, France",Marie-Anne Felix,compost heap
JU569,03 Oct 2004,48.7069,-3.8037,Marie-Anne Felix,Rural garden,"Sainte-Barbe, France",Marie-Anne Felix,compost heap
JU570,03 Oct 2004,48.7069,-3.8037,Marie-Anne Felix,Rural garden,"Sainte-Barbe, France",Marie-Anne Felix,compost heap
JU571,03 Oct 2004,48.7069,-3.8037,Marie-Anne Felix,Rural garden,"Sainte-Barbe, France",Marie-Anne Felix,compost heap
JU572,03 Oct 2004,48.7069,-3.8037,Marie-Anne Felix,Rural garden,"Sainte-Barbe, France",Marie-Anne Felix,compost heap
JU573,05 Oct 2004,48.84,2.5,Marie-Anne Felix,Urban garden,"Le Perreux-sur-Marne, France",Jean-Antoine Lepesant,compost heap
JU574,05 Oct 2004,48.84,2.5,Marie-Anne Felix,Urban garden,"Le Perreux-sur-Marne, France",Jean-Antoine Lepesant,compost heap
JU575,05 Oct 2004,48.84,2.5,Marie-Anne Felix,Urban garden,"Le Perreux-sur-Marne, France",Jean-Antoine Lepesant,compost heap
JU576,05 Oct 2004,48.84,2.5,Marie-Anne Felix,Urban garden,"Le Perreux-sur-Marne, France",Jean-Antoine Lepesant,compost heap
JU577,05 Oct 2004,48.84,2.5,Marie-Anne Felix,Urban garden,"Le Perreux-sur-Marne, France",Jean-Antoine Lepesant,compost heap
JU578,05 Oct 2004,48.84,2.5,Marie-Anne Felix,Urban garden,"Le Perreux-sur-Marne, France",Jean-Antoine Lepesant,compost heap
JU579,05 Oct 2004,48.84,2.5,Marie-Anne Felix,Urban garden,"Le Perreux-sur-Marne, France",Jean-Antoine Lepesant,compost heap
JU580,05 Oct 2004,48.84,2.5,Marie-Anne Felix,Urban garden,"Le Perreux-sur-Marne, France",Jean-Antoine Lepesant,compost heap
JU581,05 Oct 2004,48.84,2.5,Marie-Anne Felix,Urban garden,"Le Perreux-sur-Marne, France",Jean-Antoine Lepesant,compost heap
JU582,05 Oct 2004,48.84,2.5,Marie-Anne Felix,Urban garden,"Le Perreux-sur-Marne, France",Jean-Antoine Lepesant,compost heap
JU583,05 Oct 2004,48.84,2.5,Marie-Anne Felix,Urban garden,"Le Perreux-sur-Marne, France",Jean-Antoine Lepesant,compost heap
JU584,05 Oct 2004,48.84,2.5,Marie-Anne Felix,Urban garden,"Le Perreux-sur-Marne, France",Jean-Antoine Lepesant,compost heap
JU585,06 Oct 2004,48.98,2.23,Marie-Anne Felix,Urban garden,"Franconville, France",Claude Pieau,compost heap
JU586,06 Oct 2004,48.98,2.23,Marie-Anne Felix,Urban garden,"Franconville, France",Claude Pieau,compost heap
JU587,06 Oct 2004,48.98,2.23,Marie-Anne Felix,Urban garden,"Franconville, France",Claude Pieau,compost heap
JU588,06 Oct 2004,48.98,2.23,Marie-Anne Felix,Urban garden,"Franconville, France",Claude Pieau,compost heap
JU589,06 Oct 2004,48.98,2.23,Marie-Anne Felix,Urban garden,"Franconville, France",Claude Pieau,compost heap
JU590,06 Oct 2004,48.98,2.23,Marie-Anne Felix,Urban garden,"Franconville, France",Claude Pieau,compost heap
JU591,06 Oct 2004,48.98,2.23,Marie-Anne Felix,Urban garden,"Franconville, France",Claude Pieau,compost heap
JU592,06 Oct 2004,48.98,2.23,Marie-Anne Felix,Urban garden,"Franconville, France",Claude Pieau,compost heap
JU593,06 Oct 2004,48.98,2.23,Marie-Anne Felix,Urban garden,"Franconville, France",Claude Pieau,compost heap
JU594,06 Oct 2004,48.98,2.23,Marie-Anne Felix,Urban garden,"Franconville, France",Claude Pieau,compost heap
JU595,06 Oct 2004,48.98,2.23,Marie-Anne Felix,Urban garden,"Franconville, France",Claude Pieau,compost heap
JU596,06 Oct 2004,48.98,2.23,Marie-Anne Felix,Urban garden,"Franconville, France",Claude Pieau,compost heap
JU597,06 Oct 2004,48.98,2.23,Marie-Anne Felix,Urban garden,"Franconville, France",Claude Pieau,"live mollusk, Helix aspersa"
JU598,06 Oct 2004,48.98,2.23,Marie-Anne Felix,Urban garden,"Franconville, France",Claude Pieau,"live mollusk, Helix aspersa"
JU599,06 Oct 2004,48.98,2.23,Marie-Anne Felix,Urban garden,"Franconville, France",Claude Pieau,"live mollusk, Helix aspersa"
JU600,06 Oct 2004,48.98,2.23,Marie-Anne Felix,Urban garden,"Franconville, France",Claude Pieau,"live mollusk, Helix aspersa"
JU622,16 Oct 2004,43.06,0.24,Marie-Anne Felix,Rural garden,"Frechendets, France",Franz Back,compost heap
JU623,08 Dec 2004,48.98,2.23,Marie-Anne Felix,Urban garden,"Franconville, France",Claude Pieau,compost heap
JU624,08 Dec 2004,48.98,2.23,Marie-Anne Felix,Urban garden,"Franconville, France",Claude Pieau,compost heap
JU625,08 Dec 2004,48.98,2.23,Marie-Anne Felix,Urban garden,"Franconville, France",Claude Pieau,compost heap
JU626,08 Dec 2004,48.98,2.23,Marie-Anne Felix,Urban garden,"Franconville, France",Claude Pieau,compost heap
JU627,08 Dec 2004,48.98,2.23,Marie-Anne Felix,Urban garden,"Franconville, France",Claude Pieau,compost heap
JU628,08 Dec 2004,48.98,2.23,Marie-Anne Felix,Urban garden,"Franconville, France",Claude Pieau,compost heap
JU629,08 Dec 2004,48.98,2.23,Marie-Anne Felix,Urban garden,"Franconville, France",Claude Pieau,compost heap
JU630,08 Dec 2004,48.98,2.23,Marie-Anne Felix,Urban garden,"Franconville, France",Claude Pieau,compost heap
JU631,08 Dec 2004,48.98,2.23,Marie-Anne Felix,Urban garden,"Franconville, France",Claude Pieau,compost heap
JU632,08 Dec 2004,48.98,2.23,Marie-Anne Felix,Urban garden,"Franconville, France",Claude Pieau,compost heap
JU633,08 Dec 2004,48.98,2.23,Marie-Anne Felix,Urban garden,"Franconville, France",Claude Pieau,compost heap
JU634,08 Dec 2004,48.98,2.23,Marie-Anne Felix,Urban garden,"Franconville, France",Claude Pieau,compost heap
JU635,14 Dec 2004,48.84,2.5,Marie-Anne Felix,Urban garden,"Le Perreux-sur-Marne, France",Jean-Antoine Lepesant,compost heap
JU636,14 Dec 2004,48.84,2.5,Marie-Anne Felix,Urban garden,"Le Perreux-sur-Marne, France",Jean-Antoine Lepesant,compost heap
JU637,14 Dec 2004,48.84,2.5,Marie-Anne Felix,Urban garden,"Le Perreux-sur-Marne, France",Jean-Antoine Lepesant,compost heap
JU638,14 Dec 2004,48.84,2.5,Marie-Anne Felix,Urban garden,"Le Perreux-sur-Marne, France",Jean-Antoine Lepesant,compost heap
JU639,14 Dec 2004,48.84,2.5,Marie-Anne Felix,Urban garden,"Le Perreux-sur-Marne, France",Jean-Antoine Lepesant,compost heap
JU640,14 Dec 2004,48.84,2.5,Marie-Anne Felix,Urban garden,"Le Perreux-sur-Marne, France",Jean-Antoine Lepesant,compost heap
JU641,14 Dec 2004,48.84,2.5,Marie-Anne Felix,Urban garden,"Le Perreux-sur-Marne, France",Jean-Antoine Lepesant,compost heap
JU642,14 Dec 2004,48.84,2.5,Marie-Anne Felix,Urban garden,"Le Perreux-sur-Marne, France",Jean-Antoine Lepesere,compost heap
JU643,14 Dec 2004,48.84,2.5,Marie-Anne Felix,Urban garden,"Le Perreux-sur-Marne, France",Jean-Antoine Lepesant,compost heap
JU644,14 Dec 2004,48.84,2.5,Marie-Anne Felix,Urban garden,"Le Perreux-sur-Marne, France",Jean-Antoine Lepesant,compost heap
JU649,07 Feb 2005,48.84,2.5,Marie-Anne Felix,Urban garden,"Le Perreux-sur-Marne, France",Jean-Antoine Lepesant,compost heap
JU650,07 Feb 2005,48.84,2.5,Marie-Anne Felix,Urban garden,"Le Perreux-sur-Marne, France",Jean-Antoine Lepesant,compost heap
JU651,07 Feb 2005,48.84,2.5,Marie-Anne Felix,Urban garden,"Le Perreux-sur-Marne, France",Jean-Antoine Lepesant,compost heap
JU652,07 Feb 2005,48.84,2.5,Marie-Anne Felix,Urban garden,"Le Perreux-sur-Marne, France",Jean-Antoine Lepesant,compost heap
JU653,07 Feb 2005,48.84,2.5,Marie-Anne Felix,Urban garden,"Le Perreux-sur-Marne, France",Jean-Antoine Lepesant,compost heap
JU654,07 Feb 2005,48.84,2.5,Marie-Anne Felix,Urban garden,"Le Perreux-sur-Marne, France",Jean-Antoine Lepesant,compost heap
JU655,07 Feb 2005,48.84,2.5,Marie-Anne Felix,Urban garden,"Le Perreux-sur-Marne, France",Jean-Antoine Lepesant,compost heap
JU656,07 Feb 2005,48.84,2.5,Marie-Anne Felix,Urban garden,"Le Perreux-sur-Marne, France",Jean-Antoine Lepesant,compost heap
JU657,07 Feb 2005,48.84,2.5,Marie-Anne Felix,Urban garden,"Le Perreux-sur-Marne, France",Jean-Antoine Lepesant,compost heap
JU658,07 Feb 2005,48.84,2.5,Marie-Anne Felix,Urban garden,"Le Perreux-sur-Marne, France",Jean-Antoine Lepesant,compost heap
JU659,07 Feb 2005,48.84,2.5,Marie-Anne Felix,Urban garden,"Le Perreux-sur-Marne, France",Jean-Antoine Lepesant,compost heap
JU660,07 Feb 2005,48.84,2.5,Marie-Anne Felix,Urban garden,"Le Perreux-sur-Marne, France",Jean-Antoine Lepesant,compost heap
JU661,14 Feb 2005,48.98,2.23,Marie-Anne Felix,Urban garden,"Franconville, France",Claude Pieau,compost heap
JU662,14 Feb 2005,48.98,2.23,Marie-Anne Felix,Urban garden,"Franconville, France",Claude Pieau,compost heap
JU663,14 Feb 2005,48.98,2.23,Marie-Anne Felix,Urban garden,"Franconville, France",Claude Pieau,compost heap
JU664,14 Feb 2005,48.98,2.23,Marie-Anne Felix,Urban garden,"Franconville, France",Claude Pieau,compost heap
JU665,14 Feb 2005,48.98,2.23,Marie-Anne Felix,Urban garden,"Franconville, France",Claude Pieau,compost heap
JU666,14 Feb 2005,48.98,2.23,Marie-Anne Felix,Urban garden,"Franconville, France",Claude Pieau,compost heap
JU667,14 Feb 2005,48.98,2.23,Marie-Anne Felix,Urban garden,"Franconville, France",Claude Pieau,compost heap
JU668,14 Feb 2005,48.98,2.23,Marie-Anne Felix,Urban garden,"Franconville, France",Claude Pieau,compost heap
JU669,14 Feb 2005,48.98,2.23,Marie-Anne Felix,Urban garden,"Franconville, France",Claude Pieau,compost heap
JU670,14 Feb 2005,48.98,2.23,Marie-Anne Felix,Urban garden,"Franconville, France",Claude Pieau,compost heap
JU671,14 Feb 2005,48.98,2.23,Marie-Anne Felix,Urban garden,"Franconville, France",Claude Pieau,compost heap
JU672,14 Feb 2005,48.98,2.23,Marie-Anne Felix,Urban garden,"Franconville, France",Claude Pieau,compost heap
JU691,06 Apr 2005,48.98,2.23,Marie-Anne Felix,Urban garden,"Franconville, France",Claude Pieau,compost heap
JU692,06 Apr 2005,48.98,2.23,Marie-Anne Felix,Urban garden,"Franconville, France",Claude Pieau,compost heap
JU693,06 Apr 2005,48.98,2.23,Marie-Anne Felix,Urban garden,"Franconville, France",Claude Pieau,compost heap
JU694,06 Apr 2005,48.98,2.23,Marie-Anne Felix,Urban garden,"Franconville, France",Claude Pieau,compost heap
JU695,06 Apr 2005,48.98,2.23,Marie-Anne Felix,Urban garden,"Franconville, France",Claude Pieau,compost heap
JU696,06 Apr 2005,48.98,2.23,Marie-Anne Felix,Urban garden,"Franconville, France",Claude Pieau,compost heap
JU739,20 May 2005,48.98,2.23,Marie-Anne Felix,Urban garden,"Franconville, France",Claude Pieau,compost heap
JU740,20 May 2005,48.98,2.23,Marie-Anne Felix,Urban garden,"Franconville, France",Claude Pieau,compost heap
JU741,20 May 2005,48.98,2.23,Marie-Anne Felix,Urban garden,"Franconville, France",Claude Pieau,compost heap
JU742,20 May 2005,48.98,2.23,Marie-Anne Felix,Urban garden,"Franconville, France",Claude Pieau,compost heap
JU743,20 May 2005,48.98,2.23,Marie-Anne Felix,Urban garden,"Franconville, France",Claude Pieau,compost heap
JU744,20 May 2005,48.98,2.23,Marie-Anne Felix,Urban garden,"Franconville, France",Claude Pieau,compost heap
JU745,20 May 2005,48.98,2.23,Marie-Anne Felix,Urban garden,"Franconville, France",Claude Pieau,compost heap
JU746,20 May 2005,48.98,2.23,Marie-Anne Felix,Urban garden,"Franconville, France",Claude Pieau,compost heap
JU747,20 May 2005,48.98,2.23,Marie-Anne Felix,Urban garden,"Franconville, France",Claude Pieau,compost heap
JU748,20 May 2005,48.98,2.23,Marie-Anne Felix,Urban garden,"Franconville, France",Claude Pieau,compost heap
JU749,20 May 2005,48.98,2.23,Marie-Anne Felix,Urban garden,"Franconville, France",Claude Pieau,compost heap
JU750,20 May 2005,48.98,2.23,Marie-Anne Felix,Urban garden,"Franconville, France",Claude Pieau,compost heap
JU751,08 Jun 2005,48.84,2.5,Marie-Anne Felix,Urban garden,"Le Perreux-sur-Marne, France",Jean-Antoine Lepesant,compost heap
JU752,08 Jun 2005,48.84,2.5,Marie-Anne Felix,Urban garden,"Le Perreux-sur-Marne, France",Jean-Antoine Lepesant,compost heap
JU753,08 Jun 2005,48.84,2.5,Marie-Anne Felix,Urban garden,"Le Perreux-sur-Marne, France",Jean-Antoine Lepesant,compost heap
JU754,08 Jun 2005,48.84,2.5,Marie-Anne Felix,Urban garden,"Le Perreux-sur-Marne, France",Jean-Antoine Lepesant,compost heap
JU755,08 Jun 2005,48.84,2.5,Marie-Anne Felix,Urban garden,"Le Perreux-sur-Marne, France",Jean-Antoine Lepesant,compost heap
JU756,08 Jun 2005,48.84,2.5,Marie-Anne Felix,Urban garden,"Le Perreux-sur-Marne, France",Jean-Antoine Lepesant,compost heap
JU774,10 Jul 2005,38.683,-9.34,Marie-Anne Felix,Urban garden,"Carcavelos, Portugal",Marie-Anne Felix,compost heap
JU775,10 Jul 2005,38.7175,-9.1486,Marie-Anne Felix,Botanical garden zoo,"Lisbon, Portugal",Marie-Anne Felix,rotting fruit
JU776,10 Jul 2005,38.7175,-9.1486,Marie-Anne Felix,Botanical garden zoo,"Lisbon, Portugal",Marie-Anne Felix,rotting fruit
JU777,10 Jul 2005,38.7175,-9.1486,Marie-Anne Felix,Botanical garden zoo,"Lisbon, Portugal",Marie-Anne Felix,rotting fruit
JU778,10 Jul 2005,38.719,-9.1491,Marie-Anne Felix,Botanical garden zoo,"Lisbon, Portugal",Marie-Anne Felix,"rotting fruit, Ficus isophlebia"
JU779,10 Jul 2005,38.719,-9.1491,Marie-Anne Felix,Botanical garden zoo,"Lisbon, Portugal",Marie-Anne Felix,"rotting fruit, Ficus isophlebia"
JU780,10 Jul 2005,38.719,-9.1491,Marie-Anne Felix,Botanical garden zoo,"Lisbon, Portugal",Marie-Anne Felix,"rotting fruit, Ficus isophlebia"
JU781,10 Jul 2005,38.719,-9.1491,Marie-Anne Felix,Botanical garden zoo,"Lisbon, Portugal",Marie-Anne Felix,"rotting fruit, Ficus isophlebia"
JU782,10 Jul 2005,38.7191,-9.1503,Marie-Anne Felix,Botanical garden zoo,"Lisbon, Portugal",Marie-Anne Felix,compost heap
JU783,10 Jul 2005,38.7191,-9.1503,Marie-Anne Felix,Botanical garden zoo,"Lisbon, Portugal",Marie-Anne Felix,compost heap
JU784,10 Jul 2005,38.7191,-9.1503,Marie-Anne Felix,Botanical garden zoo,"Lisbon, Portugal",Marie-Anne Felix,compost heap
JU785,10 Jul 2005,38.7191,-9.1503,Marie-Anne Felix,Botanical garden zoo,"Lisbon, Portugal",Marie-Anne Felix,compost heap
JU792,31 Aug 2005,43.06,0.24,Marie-Anne Felix,Rural garden,"Frechendets, France",Marie-Anne Felix,compost heap
JU799,10 Jul 2005,38.7175,-9.1486,Marie-Anne Felix,Botanical garden zoo,"Lisbon, Portugal",Marie-Anne Felix,rotting fruit
JU801,19 Jul 2005,48.98,2.23,Antoine Barriere,Urban garden,"Franconville, France",Claude Pieau,compost heap
JU804,19 Jul 2005,48.98,2.23,Antoine Barriere,Urban garden,"Franconville, France",Claude Pieau,compost heap
JU805,19 Jul 2005,48.98,2.23,Antoine Barriere,Urban garden,"Franconville, France",Claude Pieau,compost heap
JU806,19 Jul 2005,48.98,2.23,Antoine Barriere,Urban garden,"Franconville, France",Claude Pieau,compost heap
JU807,19 Jul 2005,48.98,2.23,Antoine Barriere,Urban garden,"Franconville, France",Claude Pieau,compost heap
JU808,19 Jul 2005,48.98,2.23,Antoine Barriere,Urban garden,"Franconville, France",Claude Pieau,compost heap
JU809,19 Jul 2005,48.98,2.23,Antoine Barriere,Urban garden,"Franconville, France",Claude Pieau,compost heap
JU810,19 Jul 2005,48.98,2.23,Antoine Barriere,Urban garden,"Franconville, France",Claude Pieau,compost heap
JU811,19 Jul 2005,48.98,2.23,Antoine Barriere,Urban garden,"Franconville, France",Claude Pieau,compost heap
JU812,19 Jul 2005,48.98,2.23,Antoine Barriere,Urban garden,"Franconville, France",Claude Pieau,compost heap
JU813,13 Jul 2005,48.84,2.5,Antoine Barriere,Urban garden,"Le Perreux-sur-Marne, France",Jean-Antoine Lepesant,compost heap
JU814,13 Jul 2005,48.84,2.5,Antoine Barriere,Urban garden,"Le Perreux-sur-Marne, France",Jean-Antoine Lepesant,compost heap
JU815,13 Jul 2005,48.84,2.5,Antoine Barriere,Urban garden,"Le Perreux-sur-Marne, France",Jean-Antoine Lepesant,compost heap
JU816,13 Jul 2005,48.84,2.5,Antoine Barriere,Urban garden,"Le Perreux-sur-Marne, France",Jean-Antoine Lepesant,compost heap
JU817,13 Jul 2005,48.84,2.5,Antoine Barriere,Urban garden,"Le Perreux-sur-Marne, France",Jean-Antoine Lepesant,compost heap
JU818,13 Jul 2005,48.84,2.5,Antoine Barriere,Urban garden,"Le Perreux-sur-Marne, France",Jean-Antoine Lepesant,compost heap
JU819,13 Jul 2005,48.84,2.5,Antoine Barriere,Urban garden,"Le Perreux-sur-Marne, France",Jean-Antoine Lepesant,compost heap
JU820,13 Jul 2005,48.84,2.5,Antoine Barriere,Urban garden,"Le Perreux-sur-Marne, France",Jean-Antoine Lepesant,compost heap
JU821,13 Jul 2005,48.84,2.5,Antoine Barriere,Urban garden,"Le Perreux-sur-Marne, France",Jean-Antoine Lepesant,compost heap
JU822,13 Jul 2005,48.84,2.5,Antoine Barriere,Urban garden,"Le Perreux-sur-Marne, France",Jean-Antoine Lepesant,compost heap
JU829,28 Sep 2005,48.52,9.05,Marie-Anne Felix,Urban garden,"Tuebingen, Germany",Ray Hong,compost heap
JU830,28 Sep 2005,48.52,9.05,Marie-Anne Felix,Urban garden,"Tuebingen, Germany",Ray Hong,compost heap
JU831,28 Sep 2005,48.52,9.05,Marie-Anne Felix,Urban garden,"Tuebingen, Germany",Ray Hong,compost heap
JU832,28 Sep 2005,48.52,9.05,Marie-Anne Felix,Urban garden,"Tuebingen, Germany",Ray Hong,compost heap
JU833,28 Sep 2005,48.52,9.05,Marie-Anne Felix,Urban garden,"Tuebingen, Germany",Ray Hong,compost heap
JU834,28 Sep 2005,48.52,9.05,Marie-Anne Felix,Urban garden,"Tuebingen, Germany",Ray Hong,compost heap
JU847,03 Oct 2005,48.46,7.461,Marie-Anne Felix,Agricultural land,"Obernai, France",Marie-Anne Felix,compost heap
JU848,03 Oct 2005,48.46,7.461,Marie-Anne Felix,Agricultural land,"Obernai, France",Marie-Anne Felix,compost heap
JU849,03 Oct 2005,48.46,7.461,Marie-Anne Felix,Agricultural land,"Obernai, France",Marie-Anne Felix,compost heap
JU850,03 Oct 2005,48.46,7.461,Marie-Anne Felix,Agricultural land,"Obernai, France",Marie-Anne Felix,compost heap
JU851,03 Oct 2005,48.46,7.461,Marie-Anne Felix,Agricultural land,"Obernai, France",Marie-Anne Felix,compost heap
JU852,03 Oct 2005,48.46,7.461,Marie-Anne Felix,Agricultural land,"Obernai, France",Marie-Anne Felix,compost heap
JU853,03 Oct 2005,48.46,7.461,Marie-Anne Felix,Agricultural land,"Obernai, France",Marie-Anne Felix,compost heap
JU854,03 Oct 2005,48.46,7.461,Marie-Anne Felix,Agricultural land,"Obernai, France",Marie-Anne Felix,compost heap
JU855,03 Oct 2005,48.46,7.461,Marie-Anne Felix,Agricultural land,"Obernai, France",Marie-Anne Felix,compost heap
JU856,03 Oct 2005,48.46,7.461,Marie-Anne Felix,Agricultural land,"Obernai, France",Marie-Anne Felix,compost heap
JU857,03 Oct 2005,48.46,7.461,Marie-Anne Felix,Agricultural land,"Obernai, France",Marie-Anne Felix,compost heap
JU858,03 Oct 2005,48.46,7.461,Marie-Anne Felix,Agricultural land,"Obernai, France",Marie-Anne Felix,compost heap
JU1026,15 Oct 2006,46.63,1.06,Marie-Anne Felix,Rural garden,"Le Blanc, France",Marie-Anne Felix,"rotting fruit, plum"
JU1027,15 Oct 2006,46.63,1.06,Marie-Anne Felix,Rural garden,"Le Blanc, France",Marie-Anne Felix,"rotting fruit, plum"
JU1028,15 Oct 2006,46.63,1.06,Marie-Anne Felix,Rural garden,"Le Blanc, France",Marie-Anne Felix,"rotting fruit, plum"
JU1029,15 Oct 2006,46.63,1.06,Marie-Anne Felix,Rural garden,"Le Blanc, France",Marie-Anne Felix,"rotting fruit, plum"
JU1030,15 Oct 2006,46.63,1.06,Marie-Anne Felix,Rural garden,"Le Blanc, France",Marie-Anne Felix,"rotting fruit, plum"
JU1031,15 Oct 2006,46.63,1.06,Marie-Anne Felix,Rural garden,"Le Blanc, France",Marie-Anne Felix,"rotting fruit, plum"
JU1032,15 Oct 2006,46.63,1.06,Marie-Anne Felix,Rural garden,"Le Blanc, France",Marie-Anne Felix,"rotting fruit, plum"
JU1033,15 Oct 2006,46.63,1.06,Marie-Anne Felix,Rural garden,"Le Blanc, France",Marie-Anne Felix,"rotting fruit, plum"
JU1034,15 Oct 2006,46.63,1.06,Marie-Anne Felix,Rural garden,"Le Blanc, France",Marie-Anne Felix,"rotting fruit, plum"
JU1035,15 Oct 2006,46.63,1.06,Marie-Anne Felix,Rural garden,"Le Blanc, France",Marie-Anne Felix,"rotting fruit, plum"
JU1036,15 Oct 2006,46.63,1.06,Marie-Anne Felix,Rural garden,"Le Blanc, France",Marie-Anne Felix,"rotting fruit, plum"
JU1037,15 Oct 2006,46.63,1.06,Marie-Anne Felix,Rural garden,"Le Blanc, France",Marie-Anne Felix,"rotting fruit, plum"
JU1039,15 Oct 2006,46.63,1.06,Marie-Anne Felix,Rural garden,"Le Blanc, France",Marie-Anne Felix,"rotting fruit, pear"
JU1040,15 Oct 2006,46.63,1.06,Marie-Anne Felix,Rural garden,"Le Blanc, France",Marie-Anne Felix,"rotting fruit, pear"
JU1088,14 Mar 2007,34.7613,138.015,Marie-Anne Felix,Botanical garden zoo,"Kakegawa, Japan",Marie-Anne Felix,soil
JU1171,01 Apr 2007,-36.82,-72.99,Marie-Anne Felix,Urban garden,"Concepcion, Chile",,compost heap
JU1172,01 Apr 2007,-36.87,-73.04,Marie-Anne Felix,Urban garden,"Concepcion, Chile",,compost heap
JU1200,01 Aug 2007,55.577,-4.6,Antony Page,Rural garden,"Dundonald, Great Britain",Tony Page,compost heap
JU1204,11 Sep 2007,46.63,1.06,Marie-Anne Felix,Rural garden,"Le Blanc, France",M&B Felix,"rotting fruit, plum"
JU1206,11 Sep 2007,46.63,1.06,Marie-Anne Felix,Rural garden,"Le Blanc, France",M&B Felix,"rotting fruit, plum"
JU1207,24 Sep 2007,48.71,-3.81,Marie-Anne Felix,Rural garden,"Primel Tregastel, France",Marie-Anne Felix,"rotting stem, Arum maculata"
JU1208,24 Sep 2007,48.71,-3.81,Marie-Anne Felix,Rural garden,"Primel Tregastel, France",Marie-Anne Felix,"rotting stem, Arum maculata"
JU1209,24 Sep 2007,48.71,-3.81,Marie-Anne Felix,Rural garden,"Primel Tregastel, France",Marie-Anne Felix,"rotting stem, Arum maculata"
JU1210,24 Sep 2007,48.71,-3.81,Marie-Anne Felix,Rural garden,"Primel Tregastel, France",Marie-Anne Felix,"rotting stem, Arum maculata"
JU1211,24 Sep 2007,48.71,-3.81,Marie-Anne Felix,Rural garden,"Primel Tregastel, France",Marie-Anne Felix,"rotting stem, Arum maculata"
JU1212,24 Sep 2007,48.71,-3.81,Marie-Anne Felix,Rural garden,"Primel Tregastel, France",Marie-Anne Felix,"rotting stem, Arum maculata"
JU1213,24 Sep 2007,48.71,-3.81,Marie-Anne Felix,Rural garden,"Primel Tregastel, France",Marie-Anne Felix,"rotting fruit, apple"
JU1214,24 Sep 2007,48.71,-3.81,Marie-Anne Felix,Rural garden,"Primel Tregastel, France",Marie-Anne Felix,"live mollusk, Helix aspersa"
JU1218,14 Oct 2007,49.1269,1.9595,Marie-Anne Felix,Rural garden,"Santeuil, France",Marie-Anne Felix,"rotting fruit, apple"
JU1219,14 Oct 2007,49.1269,1.9595,Marie-Anne Felix,Rural garden,"Santeuil, France",Marie-Anne Felix,"rotting fruit, apple"
JU1220,14 Oct 2007,49.1269,1.9595,Marie-Anne Felix,Rural garden,"Santeuil, France",Marie-Anne Felix,"rotting fruit, apple"
JU1221,14 Oct 2007,49.1269,1.9595,Marie-Anne Felix,Rural garden,"Santeuil, France",Marie-Anne Felix,"rotting fruit, apple"
JU1222,14 Oct 2007,49.1269,1.9595,Marie-Anne Felix,Rural garden,"Santeuil, France",Marie-Anne Felix,"rotting fruit, apple"
JU1223,14 Oct 2007,49.1269,1.9595,Marie-Anne Felix,Rural garden,"Santeuil, France",Marie-Anne Felix,"rotting fruit, apple"
JU1224,14 Oct 2007,49.1269,1.9595,Marie-Anne Felix,Rural garden,"Santeuil, France",Marie-Anne Felix,"rotting fruit, apple"
JU1225,14 Oct 2007,49.1269,1.9595,Marie-Anne Felix,Rural garden,"Santeuil, France",Marie-Anne Felix,"rotting fruit, apple"
JU1226,14 Oct 2007,49.1269,1.9595,Marie-Anne Felix,Rural garden,"Santeuil, France",Marie-Anne Felix,"rotting fruit, apple"
JU1227,14 Oct 2007,49.1269,1.9595,Marie-Anne Felix,Rural garden,"Santeuil, France",Marie-Anne Felix,"rotting fruit, apple"
JU1228,14 Oct 2007,49.1269,1.9595,Marie-Anne Felix,Rural garden,"Santeuil, France",Marie-Anne Felix,"rotting fruit, apple"
JU1229,14 Oct 2007,49.1269,1.9595,Marie-Anne Felix,Rural garden,"Santeuil, France",Marie-Anne Felix,"rotting fruit, apple"
JU1230,14 Oct 2007,49.1269,1.9595,Marie-Anne Felix,Rural garden,"Santeuil, France",Marie-Anne Felix,"rotting fruit, apple"
JU1231,14 Oct 2007,49.1269,1.9595,Marie-Anne Felix,Rural garden,"Santeuil, France",Marie-Anne Felix,
JU1232,14 Oct 2007,49.1269,1.9595,Marie-Anne Felix,Rural garden,"Santeuil, France",Marie-Anne Felix,"rotting fruit, apple"
JU1233,14 Oct 2007,49.1269,1.9595,Marie-Anne Felix,Rural garden,"Santeuil, France",Marie-Anne Felix,"rotting fruit, apple"
JU1234,14 Oct 2007,49.1269,1.9595,Marie-Anne Felix,Rural garden,"Santeuil, France",Marie-Anne Felix,"rotting fruit, apple"
JU1235,14 Oct 2007,49.1269,1.9595,Marie-Anne Felix,Rural garden,"Santeuil, France",Marie-Anne Felix,"rotting fruit, apple"
JU1236,14 Oct 2007,49.1269,1.9595,Marie-Anne Felix,Rural garden,"Santeuil, France",Marie-Anne Felix,"rotting fruit, apple"
JU1237,14 Oct 2007,49.1269,1.9595,Marie-Anne Felix,Rural garden,"Santeuil, France",Marie-Anne Felix,"rotting fruit, apple"
JU1238,14 Oct 2007,49.1269,1.9595,Marie-Anne Felix,Rural garden,"Santeuil, France",Marie-Anne Felix,"rotting fruit, apple"
JU1239,14 Oct 2007,49.1269,1.9595,Marie-Anne Felix,Rural garden,"Santeuil, France",Marie-Anne Felix,"rotting fruit, apple"
JU1240,14 Oct 2007,49.1269,1.9595,Marie-Anne Felix,Rural garden,"Santeuil, France",Marie-Anne Felix,"rotting fruit, apple"
JU1241,14 Oct 2007,49.1269,1.9595,Marie-Anne Felix,Rural garden,"Santeuil, France",Marie-Anne Felix,"rotting fruit, apple"
JU1242,14 Oct 2007,49.1269,1.9595,Marie-Anne Felix,Rural garden,"Santeuil, France",Marie-Anne Felix,"live mollusk, slug"
JU1243,14 Oct 2007,49.1269,1.9595,Marie-Anne Felix,Rural garden,"Santeuil, France",Marie-Anne Felix,"live mollusk, slug"
JU1244,14 Oct 2007,49.1269,1.9595,Marie-Anne Felix,Rural garden,"Santeuil, France",Marie-Anne Felix,"live mollusk, slug"
JU1245,14 Oct 2007,49.1269,1.9595,Marie-Anne Felix,Rural garden,"Santeuil, France",Marie-Anne Felix,"live mollusk, slug"
JU1246,14 Oct 2007,49.1262,1.96152,Marie-Anne Felix,Agricultural land,"Santeuil, France",Marie-Anne Felix,"rotting fruit, apple"
JU1247,14 Oct 2007,49.1262,1.96152,Marie-Anne Felix,Agricultural land,"Santeuil, France",Marie-Anne Felix,"rotting fruit, apple"
JU1248,14 Oct 2007,49.1262,1.96152,Marie-Anne Felix,Agricultural land,"Santeuil, France",Marie-Anne Felix,"rotting fruit, apple"
JU1249,14 Oct 2007,49.1262,1.96152,Marie-Anne Felix,Agricultural land,"Santeuil, France",Marie-Anne Felix,"rotting fruit, apple"
JU1250,14 Oct 2007,49.1262,1.96152,Marie-Anne Felix,Agricultural land,"Santeuil, France",Marie-Anne Felix,"rotting fruit, apple"
JU1251,14 Oct 2007,49.1262,1.96152,Marie-Anne Felix,Agricultural land,"Santeuil, France",Marie-Anne Felix,"rotting fruit, apple"
JU1252,14 Oct 2007,49.1262,1.96152,Marie-Anne Felix,Agricultural land,"Santeuil, France",Marie-Anne Felix,"rotting fruit, apple"
JU1253,14 Oct 2007,49.1262,1.96152,Marie-Anne Felix,Agricultural land,"Santeuil, France",Marie-Anne Felix,"rotting fruit, apple"
JU1255,14 Oct 2007,49.1262,1.96152,Marie-Anne Felix,Agricultural land,"Santeuil, France",Marie-Anne Felix,"rotting fruit, apple"
JU1256,14 Oct 2007,49.1262,1.96152,Marie-Anne Felix,Agricultural land,"Santeuil, France",Marie-Anne Felix,"rotting fruit, apple"
JU1395,01 Mar 2008,47.2199,0.04619,Marie-Anne Felix,,"Saut-aux-Loups, France",Marie-Anne Felix,compost heap
JU1400,01 Mar 2008,37.3845,-5.988,Marie-Anne Felix,Rural garden,"Sevilla, Spain",Marie-Anne Felix,"rotting fruit, orange"
JU1401,31 Mar 2008,37.4721,-5.6331,Marie-Anne Felix,Rural garden,"Carmona, Spain",Marie-Anne Felix,"live mollusk, Rumina decollata"
JU1402,31 Mar 2008,37.4721,-5.6331,Marie-Anne Felix,Rural garden,"Carmona, Spain",Marie-Anne Felix,"live mollusk, Rumina decollata"
JU1403,31 Mar 2008,37.4721,-5.6331,Marie-Anne Felix,Rural garden,"Carmona, Spain",Marie-Anne Felix,"live mollusk, Rumina decollata"
JU1404,31 Mar 2008,37.4721,-5.6331,Marie-Anne Felix,Rural garden,"Carmona, Spain",Marie-Anne Felix,"live mollusk, Rumina decollata"
JU1405,31 Mar 2008,37.4721,-5.6331,Marie-Anne Felix,Rural garden,"Carmona, Spain",Marie-Anne Felix,"live mollusk, Rumina decollata"
JU1406,31 Mar 2008,37.4721,-5.6331,Marie-Anne Felix,Rural garden,"Carmona, Spain",Marie-Anne Felix,"live mollusk, Rumina decollata"
JU1407,31 Mar 2008,37.4721,-5.6331,Marie-Anne Felix,Rural garden,"Carmona, Spain",Marie-Anne Felix,"live mollusk, Rumina decollata"
JU1408,31 Mar 2008,37.4721,-5.6331,Marie-Anne Felix,Rural garden,"Carmona, Spain",Marie-Anne Felix,"live mollusk, Rumina decollata"
JU1409,31 Mar 2008,37.468,-5.637,Marie-Anne Felix,Rural garden,"Carmona, Spain",Marie-Anne Felix,"rotting fruit, Opuntia ficus-indica"
JU1410,31 Mar 2008,37.468,-5.637,Marie-Anne Felix,Rural garden,"Carmona, Spain",Marie-Anne Felix,"dead mollusk, snail"
JU1411,31 Mar 2008,37.468,-5.637,Marie-Anne Felix,Rural garden,"Carmona, Spain",Marie-Anne Felix,"live mollusk, snail"
JU1412,31 Mar 2008,37.468,-5.637,Marie-Anne Felix,Rural garden,"Carmona, Spain",Marie-Anne Felix,"live mollusk, snail"
JU1413,31 Mar 2008,37.468,-5.637,Marie-Anne Felix,Rural garden,"Carmona, Spain",Marie-Anne Felix,"live mollusk, snail"
JU1414,31 Mar 2008,37.468,-5.637,Marie-Anne Felix,Rural garden,"Carmona, Spain",Marie-Anne Felix,"live mollusk, snail"
JU1415,31 Mar 2008,37.468,-5.637,Marie-Anne Felix,Rural garden,"Carmona, Spain",Marie-Anne Felix,"live mollusk, snail"
JU1416,31 Mar 2008,37.468,-5.637,Marie-Anne Felix,Rural garden,"Carmona, Spain",Marie-Anne Felix,"live arthropod, isopod"
JU1440,09 Jun 2008,41.4131,2.15231,Marie-Anne Felix,Urban garden,"Barcelona, Spain",Marie-Anne Felix,"rotting fruit, palm"
JU1441,09 Jun 2008,41.4131,2.15231,Marie-Anne Felix,Urban garden,"Barcelona, Spain",Marie-Anne Felix,"rotting fruit, palm"
JU1442,09 Jun 2008,41.4131,2.15231,Marie-Anne Felix,Urban garden,"Barcelona, Spain",Marie-Anne Felix,"rotting fruit, palm"
JU1482,02 Aug 2008,48.705,-3.7952,Marie-Anne Felix,Wet shrubland,"Sainte-Barbe, France",Marie-Anne Felix,"rotting leaves, Tamus communis"
JU1484,17 Aug 2008,46.6386,1.0504,Marie-Anne Felix,Forest,"Le Blanc, France",Marie-Anne Felix,"rotting stem, Arum maculata"
JU1485,17 Aug 2008,46.6386,1.0504,Marie-Anne Felix,Forest,"Le Blanc, France",Marie-Anne Felix,"rotting stem, Arum maculata"
JU1486,17 Aug 2008,46.6386,1.0504,Marie-Anne Felix,Forest,"Le Blanc, France",Marie-Anne Felix,"rotting stem, Arum maculata"
JU1487,17 Aug 2008,46.6386,1.0504,Marie-Anne Felix,Forest,"Le Blanc, France",Marie-Anne Felix,"rotting stem, Arum maculata"
JU1488,17 Aug 2008,46.6386,1.0504,Marie-Anne Felix,Forest,"Le Blanc, France",Marie-Anne Felix,"rotting stem, Arum maculata"
JU1489,17 Aug 2008,46.6386,1.0504,Marie-Anne Felix,Forest,"Le Blanc, France",Marie-Anne Felix,"rotting stem, Arum maculata"
JU1490,17 Aug 2008,46.6386,1.0504,Marie-Anne Felix,Forest,"Le Blanc, France",Marie-Anne Felix,"rotting stem, Arum maculata"
JU1491,17 Aug 2008,46.6386,1.0504,Marie-Anne Felix,Forest,"Le Blanc, France",Marie-Anne Felix,"rotting stem, Arum maculata"
JU1492,17 Aug 2008,46.6386,1.0504,Marie-Anne Felix,Forest,"Le Blanc, France",Marie-Anne Felix,"rotting stem, Arum maculata"
JU1493,17 Aug 2008,46.6386,1.0504,Marie-Anne Felix,Forest,"Le Blanc, France",Marie-Anne Felix,"rotting stem, Arum maculata"
JU1494,17 Aug 2008,46.6386,1.0504,Marie-Anne Felix,Forest,"Le Blanc, France",Marie-Anne Felix,"rotting stem, Arum maculata"
JU1495,17 Aug 2008,46.6386,1.0504,Marie-Anne Felix,Forest,"Le Blanc, France",Marie-Anne Felix,"rotting stem, Arum maculata"
JU1511,09 Sep 2008,48.7015,2.1725,Marie-Anne Felix,Rural garden,"Orsay, France",Marie-Anne Felix,"rotting fruit, apple"
JU1512,09 Sep 2008,48.7015,2.1725,Marie-Anne Felix,Rural garden,"Orsay, France",Marie-Anne Felix,"rotting fruit, apple"
JU1514,09 Sep 2008,48.7015,2.1725,Marie-Anne Felix,Rural garden,"Orsay, France",Marie-Anne Felix,"rotting fruit, apple"
JU1515,09 Sep 2008,48.7015,2.1725,Marie-Anne Felix,Rural garden,"Orsay, France",Marie-Anne Felix,"rotting fruit, apple"
JU1516,09 Sep 2008,48.7015,2.1725,Marie-Anne Felix,Rural garden,"Orsay, France",Marie-Anne Felix,"rotting fruit, apple"
JU1517,09 Sep 2008,48.7015,2.1725,Marie-Anne Felix,Rural garden,"Orsay, France",Marie-Anne Felix,"rotting fruit, apple"
JU1518,09 Sep 2008,48.7015,2.1725,Marie-Anne Felix,Rural garden,"Orsay, France",Marie-Anne Felix,"rotting fruit, apple"
JU1519,09 Sep 2008,48.7015,2.1725,Marie-Anne Felix,Rural garden,"Orsay, France",Marie-Anne Felix,"rotting fruit, apple"
JU1520,09 Sep 2008,48.7015,2.1725,Marie-Anne Felix,Rural garden,"Orsay, France",Marie-Anne Felix,"rotting fruit, apple"
JU1521,09 Sep 2008,48.7015,2.1725,Marie-Anne Felix,Rural garden,"Orsay, France",Marie-Anne Felix,"rotting fruit, apple"
JU1522,09 Sep 2008,48.7015,2.1725,Marie-Anne Felix,Rural garden,"Orsay, France",Marie-Anne Felix,"rotting fruit, apple"
JU1523,09 Sep 2008,48.7015,2.1725,Marie-Anne Felix,Rural garden,"Orsay, France",Marie-Anne Felix,"rotting fruit, apple"
JU1524,09 Sep 2008,48.7015,2.1725,Marie-Anne Felix,Rural garden,"Orsay, France",Marie-Anne Felix,"rotting fruit, apple"
JU1525,09 Sep 2008,48.7015,2.1725,Marie-Anne Felix,Rural garden,"Orsay, France",Marie-Anne Felix,"rotting fruit, apple"
JU1526,09 Sep 2008,48.7015,2.1725,Marie-Anne Felix,Rural garden,"Orsay, France",Marie-Anne Felix,"rotting fruit, apple"
JU1527,09 Sep 2008,48.7015,2.1725,Marie-Anne Felix,Rural garden,"Orsay, France",Marie-Anne Felix,"rotting fruit, apple"
JU1530,09 Sep 2008,48.7015,2.1725,Marie-Anne Felix,Rural garden,"Orsay, France",Marie-Anne Felix,"rotting fruit, apple"
JU1531,09 Sep 2008,48.7015,2.1725,Marie-Anne Felix,Rural garden,"Orsay, France",Marie-Anne Felix,"rotting fruit, apple"
JU1532,09 Sep 2008,48.7015,2.1725,Marie-Anne Felix,Rural garden,"Orsay, France",Marie-Anne Felix,"rotting fruit, apple"
JU1534,09 Sep 2008,48.7015,2.1725,Marie-Anne Felix,Rural garden,"Orsay, France",Marie-Anne Felix,"rotting fruit, apple"
JU1535,09 Sep 2008,48.7015,2.1725,Marie-Anne Felix,Rural garden,"Orsay, France",Marie-Anne Felix,"rotting fruit, apple"
JU1536,09 Sep 2008,48.7015,2.1725,Marie-Anne Felix,Rural garden,"Orsay, France",Marie-Anne Felix,"rotting fruit, apple"
JU1537,09 Sep 2008,48.7015,2.1725,Marie-Anne Felix,Rural garden,"Orsay, France",Marie-Anne Felix,"rotting fruit, apple"
JU1538,09 Sep 2008,48.7015,2.1725,Marie-Anne Felix,Rural garden,"Orsay, France",Marie-Anne Felix,"rotting fruit, apple"
JU1539,09 Sep 2008,48.7015,2.1725,Marie-Anne Felix,Rural garden,"Orsay, France",Marie-Anne Felix,"rotting fruit, apple"
JU1540,09 Sep 2008,48.7015,2.1725,Marie-Anne Felix,Rural garden,"Orsay, France",Marie-Anne Felix,"rotting fruit, apple"
JU1541,09 Sep 2008,48.7015,2.1725,Marie-Anne Felix,Rural garden,"Orsay, France",Marie-Anne Felix,"rotting fruit, apple"
JU1543,09 Sep 2008,48.7015,2.1725,Marie-Anne Felix,Rural garden,"Orsay, France",Marie-Anne Felix,"rotting fruit, apple"
JU1544,09 Sep 2008,48.7015,2.1725,Marie-Anne Felix,Rural garden,"Orsay, France",Marie-Anne Felix,"rotting fruit, apple"
JU1545,09 Sep 2008,48.7015,2.1725,Marie-Anne Felix,Rural garden,"Orsay, France",Marie-Anne Felix,"rotting fruit, apple"
JU1546,09 Sep 2008,48.7015,2.1725,Marie-Anne Felix,Rural garden,"Orsay, France",Marie-Anne Felix,"rotting fruit, apple"
JU1547,09 Sep 2008,48.7015,2.1725,Marie-Anne Felix,Rural garden,"Orsay, France",Marie-Anne Felix,"rotting fruit, apple"
JU1548,09 Sep 2008,48.7015,2.1725,Marie-Anne Felix,Rural garden,"Orsay, France",Marie-Anne Felix,"rotting fruit, apple"
JU1549,09 Sep 2008,48.7015,2.1725,Marie-Anne Felix,Rural garden,"Orsay, France",Marie-Anne Felix,"rotting fruit, apple"
JU1550,09 Sep 2008,48.7015,2.1725,Marie-Anne Felix,Rural garden,"Orsay, France",Marie-Anne Felix,"rotting fruit, apple"
JU1552,09 Sep 2008,48.7015,2.1725,Marie-Anne Felix,Rural garden,"Orsay, France",Marie-Anne Felix,"rotting fruit, apple"
JU1553,09 Sep 2008,48.7015,2.1725,Marie-Anne Felix,Rural garden,"Orsay, France",Marie-Anne Felix,"rotting fruit, apple"
JU1554,09 Sep 2008,48.7015,2.1725,Marie-Anne Felix,Rural garden,"Orsay, France",Marie-Anne Felix,"rotting fruit, apple"
JU1555,09 Sep 2008,48.7015,2.1725,Marie-Anne Felix,Rural garden,"Orsay, France",Marie-Anne Felix,"rotting fruit, apple"
JU1557,09 Sep 2008,48.7015,2.1725,Marie-Anne Felix,Rural garden,"Orsay, France",Marie-Anne Felix,"rotting fruit, apple"
JU1558,09 Sep 2008,48.7015,2.1725,Marie-Anne Felix,Rural garden,"Orsay, France",Marie-Anne Felix,"rotting fruit, apple"
JU1559,09 Sep 2008,48.7015,2.1725,Marie-Anne Felix,Rural garden,"Orsay, France",Marie-Anne Felix,"rotting fruit, apple"
JU1563,09 Sep 2008,48.7006,2.1804,Marie-Anne Felix,Rural garden,"Orsay, France",Marie-Anne Felix,"rotting stem, Petasites hybridus"
JU1566,05 Oct 2008,48.8092,2.3862,Marie-Anne Felix,Urban garden,"Ivry-sur-Seine, France",Marie-Anne Felix,"rotting stem, Petasites hybridus"
JU1567,05 Oct 2008,48.8092,2.3862,Marie-Anne Felix,Urban garden,"Ivry-sur-Seine, France",Marie-Anne Felix,"rotting stem, Petasites hybridus"
JU1568,05 Oct 2008,48.8092,2.3862,Marie-Anne Felix,Urban garden,"Ivry-sur-Seine, France",Marie-Anne Felix,"rotting stem, Petasites hybridus"
JU1569,05 Oct 2008,48.8092,2.3862,Marie-Anne Felix,Urban garden,"Ivry-sur-Seine, France",Marie-Anne Felix,"rotting stem, Petasites hybridus"
JU1570,05 Oct 2008,48.8092,2.3862,Marie-Anne Felix,Urban garden,"Ivry-sur-Seine, France",Marie-Anne Felix,"rotting stem, Petasites hybridus"
JU1571,05 Oct 2008,48.8092,2.3862,Marie-Anne Felix,Urban garden,"Ivry-sur-Seine, France",Marie-Anne Felix,"rotting stem, Petasites hybridus"
JU1572,05 Oct 2008,48.8092,2.3862,Marie-Anne Felix,Urban garden,"Ivry-sur-Seine, France",Marie-Anne Felix,"rotting stem, Petasites hybridus"
JU1573,05 Oct 2008,48.8092,2.3862,Marie-Anne Felix,Urban garden,"Ivry-sur-Seine, France",Marie-Anne Felix,"rotting stem, Petasites hybridus"
JU1574,05 Oct 2008,48.8092,2.3862,Marie-Anne Felix,Urban garden,"Ivry-sur-Seine, France",Marie-Anne Felix,"rotting stem, Petasites hybridus"
JU1575,05 Oct 2008,48.8092,2.3862,Marie-Anne Felix,Urban garden,"Ivry-sur-Seine, France",Marie-Anne Felix,"rotting stem, Petasites hybridus"
JU1576,05 Oct 2008,48.8092,2.3862,Marie-Anne Felix,Urban garden,"Ivry-sur-Seine, France",Marie-Anne Felix,"rotting stem, Petasites hybridus"
JU1577,05 Oct 2008,48.8092,2.3862,Marie-Anne Felix,Urban garden,"Ivry-sur-Seine, France",Marie-Anne Felix,"rotting stem, Petasites hybridus"
JU1580,06 Oct 2008,48.7015,2.1725,Marie-Anne Felix,Rural garden,"Orsay, France",Marie-Anne Felix,"rotting fruit, apple"
JU1581,23 Oct 2008,48.7015,2.1725,Marie-Anne Felix,Rural garden,"Orsay, France",Marie-Anne Felix,"rotting fruit, apple"
JU1582,23 Oct 2008,48.7015,2.1725,Marie-Anne Felix,Rural garden,"Orsay, France",Marie-Anne Felix,"rotting fruit, apple"
JU1583,23 Oct 2008,48.7015,2.1725,Marie-Anne Felix,Rural garden,"Orsay, France",Marie-Anne Felix,"rotting fruit, apple"
JU1586,03 Nov 2008,46.63,1.06,Marie-Anne Felix,Rural garden,"Le Blanc, France",Marie-Anne Felix,"rotting fruit, grape"
JU1587,03 Nov 2008,46.63,1.06,Marie-Anne Felix,Rural garden,"Le Blanc, France",Marie-Anne Felix,"rotting fruit, grape"
JU1615,,,,NA,,,,
JU1652,01 JAN 2009,-34.86,-56.19,NA,Urban garden,"Montevideo, Uruguay",,compost heap
JU1654,14 Jul 2009,48.705,-3.7952,Marie-Anne Felix,Wet shrubland,"Sainte-Barbe, France",Marie-Anne Felix,"rotting stem, Pteridium aquilinum"
JU1655,14 Jul 2009,48.705,-3.7952,Marie-Anne Felix,Wet shrubland,"Sainte-Barbe, France",Marie-Anne Felix,"rotting stem, Pteridium aquilinum"
JU1656,14 Jul 2009,48.705,-3.7952,Marie-Anne Felix,Wet shrubland,"Sainte-Barbe, France",Marie-Anne Felix,"rotting stem, Pteridium aquilinum"
JU1657,14 Jul 2009,48.705,-3.7952,Marie-Anne Felix,Wet shrubland,"Sainte-Barbe, France",Marie-Anne Felix,"rotting stem, Pteridium aquilinum"
JU1658,14 Jul 2009,48.705,-3.7952,Marie-Anne Felix,Wet shrubland,"Sainte-Barbe, France",Marie-Anne Felix,"rotting stem, Pteridium aquilinum"
JU1659,14 Jul 2009,48.705,-3.7952,Marie-Anne Felix,Wet shrubland,"Sainte-Barbe, France",Marie-Anne Felix,"rotting stem, Pteridium aquilinum"
JU1660,14 Jul 2009,48.705,-3.7952,Marie-Anne Felix,Wet shrubland,"Sainte-Barbe, France",Marie-Anne Felix,"rotting stem, Pteridium aquilinum"
JU1661,14 Jul 2009,48.705,-3.7952,Marie-Anne Felix,Wet shrubland,"Sainte-Barbe, France",Marie-Anne Felix,"rotting stem, Pteridium aquilinum"
JU1662,14 Jul 2009,48.705,-3.7952,Marie-Anne Felix,Wet shrubland,"Sainte-Barbe, France",Marie-Anne Felix,"rotting stem, Pteridium aquilinum"
JU1663,14 Jul 2009,48.705,-3.7952,Marie-Anne Felix,Wet shrubland,"Sainte-Barbe, France",Marie-Anne Felix,"rotting stem, Pteridium aquilinum"
JU1664,14 Jul 2009,48.705,-3.7952,Marie-Anne Felix,Wet shrubland,"Sainte-Barbe, France",Marie-Anne Felix,"rotting stem, Pteridium aquilinum"
JU1665,14 Jul 2009,48.705,-3.7952,Marie-Anne Felix,Wet shrubland,"Sainte-Barbe, France",Marie-Anne Felix,"rotting stem, Pteridium aquilinum"
JU1666,14 Jul 2009,48.705,-3.7952,Marie-Anne Felix,Wet shrubland,"Sainte-Barbe, France",Marie-Anne Felix,"rotting fruit, Prunus spinosa"
JU1762,16 Aug 2009,48.705,-3.7952,Marie-Anne Felix,Wet shrubland,"Sainte-Barbe, France",Marie-Anne Felix,"rotting stem, Heracleum sphondylium"
JU1770,16 Aug 2009,48.705,-3.7952,Marie-Anne Felix,Wet shrubland,"Sainte-Barbe, France",Marie-Anne Felix,"rotting stem, Pteridium aquilinum"
JU1785,24 Sep 2009,48.8092,2.3862,Marie-Anne Felix,Urban garden,"Ivry-sur-Seine, France",Marie-Anne Felix,"rotting stem, Petasites hybridus"
JU1786,24 Sep 2009,48.8092,2.3862,Marie-Anne Felix,Urban garden,"Ivry-sur-Seine, France",Marie-Anne Felix,"rotting stem, Petasites hybridus"
JU1787,24 Sep 2009,48.8092,2.3862,Marie-Anne Felix,Urban garden,"Ivry-sur-Seine, France",Marie-Anne Felix,"rotting stem, Petasites hybridus"
JU1790,21 Sep 2009,48.7006,2.1804,Marie-Anne Felix,Rural garden,"Orsay, France",Marie-Anne Felix,"rotting fruit, apple"
JU1792,27 Sep 2009,46.639,1.05084,Marie-Anne Felix,Forest,"Le Blanc, France",Marie-Anne Felix,"rotting stem, Arum maculata"
JU1793,10 Oct 2009,49.12,11.951,Marie-Anne Felix,Forest,"Santeuil, France",Marie-Anne Felix,"rotting stem, Heracleum sphondylium"
JU1807,23 Oct 2008,48.7015,2.1725,Marie-Anne Felix,Rural garden,"Orsay, France",Marie-Anne Felix,"rotting fruit, apple"
JU1808,14 Oct 2009,48.8092,2.3862,Marie-Anne Felix,Urban garden,"Ivry-sur-Seine, France",Marie-Anne Felix,"live mollusk, Helix aspersa"
JU1893,05 Nov 2009,48.7015,2.1725,Marie-Anne Felix,Rural garden,"Orsay, France",Marie-Anne Felix,"rotting fruit, apple"
JU1896,02 Jan 2010,37.9997,23.7497,Lois Tang,Urban garden,"Athens, Greece",Michalis Barkoulas,"rotting fruit, olive"
JU1918,10 Oct 2009,49.12,11.951,Fabien Duveau,Forest,"Santeuil, France",Marie-Anne Felix,"rotting stem, Heracleum sphondylium"
JU1919,10 Oct 2009,49.12,11.951,Marie-Anne Felix,Forest,"Santeuil, France",Marie-Anne Felix,"rotting stem, Heracleum sphondylium"
JU1920,25 Oct 2009,49.12,11.951,Marie-Anne Felix,Forest,"Santeuil, France",Marie-Anne Felix,"rotting stem, Heracleum sphondylium"
JU1921,25 Oct 2009,49.12,11.951,Marie-Anne Felix,Forest,"Santeuil, France",Marie-Anne Felix,"rotting stem, Heracleum sphondylium"
JU1922,25 Oct 2009,49.12,11.951,Marie-Anne Felix,Forest,"Santeuil, France",Marie-Anne Felix,"rotting stem, Heracleum sphondylium"
JU1923,25 Oct 2009,49.12,11.951,Marie-Anne Felix,Forest,"Santeuil, France",Marie-Anne Felix,"rotting stem, Heracleum sphondylium"
JU1924,25 Oct 2009,49.12,11.951,Marie-Anne Felix,Forest,"Santeuil, France",Marie-Anne Felix,"rotting stem, Heracleum sphondylium"
JU1925,25 Oct 2009,49.12,11.951,Marie-Anne Felix,Forest,"Santeuil, France",Marie-Anne Felix,"rotting stem, Heracleum sphondylium"
JU1926,25 Oct 2009,49.12,11.951,Marie-Anne Felix,Forest,"Santeuil, France",Marie-Anne Felix,"rotting stem, Heracleum sphondylium"
JU1927,25 Oct 2009,49.12,11.951,Marie-Anne Felix,Forest,"Santeuil, France",Marie-Anne Felix,"rotting stem, Heracleum sphondylium"
JU1928,25 Oct 2009,49.12,11.951,Marie-Anne Felix,Forest,"Santeuil, France",Marie-Anne Felix,"rotting stem, Heracleum sphondylium"
JU1929,25 Oct 2009,49.12,11.951,Marie-Anne Felix,Forest,"Santeuil, France",Marie-Anne Felix,"rotting stem, Heracleum sphondylium"
JU1930,25 Oct 2009,49.12,11.951,Marie-Anne Felix,Forest,"Santeuil, France",Marie-Anne Felix,"rotting stem, Heracleum sphondylium"
JU1931,25 Oct 2009,49.12,11.951,Marie-Anne Felix,Forest,"Santeuil, France",Marie-Anne Felix,"rotting stem, Heracleum sphondylium"
JU1932,25 Oct 2009,49.12,11.951,Marie-Anne Felix,Forest,"Santeuil, France",Marie-Anne Felix,"rotting stem, Heracleum sphondylium"
JU1933,25 Oct 2009,49.12,11.951,Marie-Anne Felix,Forest,"Santeuil, France",Marie-Anne Felix,"rotting stem, Heracleum sphondylium"
JU1934,25 Oct 2009,49.12,11.951,Marie-Anne Felix,Forest,"Santeuil, France",Marie-Anne Felix,"rotting stem, Heracleum sphondylium"
JU1935,25 Oct 2009,49.12,11.951,Marie-Anne Felix,Forest,"Santeuil, France",Marie-Anne Felix,"rotting stem, Heracleum sphondylium"
JU1936,25 Oct 2009,49.12,11.951,Marie-Anne Felix,Forest,"Santeuil, France",Marie-Anne Felix,"rotting stem, Heracleum sphondylium"
JU1937,07 Oct 2009,48.7015,2.1725,Marie-Anne Felix,Rural garden,"Orsay, France",Marie-Anne Felix,"rotting fruit, apple"
JU1938,09 Oct 2009,48.7015,2.1725,Marie-Anne Felix,Rural garden,"Orsay, France",Marie-Anne Felix,"rotting fruit, apple"
JU1939,09 Oct 2009,48.7015,2.1725,Marie-Anne Felix,Rural garden,"Orsay, France",Marie-Anne Felix,"rotting fruit, apple"
JU1940,09 Oct 2009,48.7015,2.1725,Marie-Anne Felix,Rural garden,"Orsay, France",Marie-Anne Felix,"rotting fruit, apple"
JU1941,09 Oct 2009,48.7015,2.1725,Marie-Anne Felix,Rural garden,"Orsay, France",Marie-Anne Felix,"rotting fruit, apple"
JU1942,09 Oct 2009,48.7015,2.1725,Marie-Anne Felix,Rural garden,"Orsay, France",Marie-Anne Felix,"rotting fruit, apple"
JU1943,09 Oct 2009,48.7015,2.1725,Marie-Anne Felix,Rural garden,"Orsay, France",Marie-Anne Felix,"rotting fruit, apple"
JU1944,09 Oct 2009,48.7015,2.1725,Marie-Anne Felix,Rural garden,"Orsay, France",Marie-Anne Felix,"rotting fruit, apple"
JU1945,12 Oct 2009,48.7015,2.1725,Marie-Anne Felix,Rural garden,"Orsay, France",Marie-Anne Felix,"rotting fruit, apple"
JU1946,12 Oct 2009,48.7015,2.1725,Marie-Anne Felix,Rural garden,"Orsay, France",Marie-Anne Felix,"rotting fruit, apple"
JU1947,15 Oct 2009,48.7015,2.1725,Marie-Anne Felix,Rural garden,"Orsay, France",Marie-Anne Felix,"rotting fruit, apple"
JU1948,15 Oct 2009,48.7015,2.1725,Marie-Anne Felix,Rural garden,"Orsay, France",Marie-Anne Felix,"rotting fruit, apple"
JU1949,15 Oct 2009,48.7015,2.1725,Marie-Anne Felix,Rural garden,"Orsay, France",Marie-Anne Felix,"rotting fruit, apple"
JU1960,01 JAN 2009,34.1,-118.13,John DeModena,Urban garden,"Altadena, USA",John Demodena,compost heap
JU2001,17 Sep 2010,-20.9895,55.3867,Tony Belicard,Forest,"Dos d'ane, La Reunion",Tony Belicard,rotting flower
JU2007,16 Oct 2010,50.7608,-1.32413,Michalis Barkoulas,Rural garden,"Cowes, United Kingdom",Michalis Barkoulas,"rotting fruit, apple"
JU2009,11 Oct 2010,48.7015,2.1725,Marie-Anne Felix,Rural garden,"Orsay, France",Marie-Anne Felix,"rotting fruit, apple"
JU2013,08 Nov 2010,48.7015,2.1725,Marie-Anne Felix,Rural garden,"Orsay, France",Marie-Anne Felix,"rotting fruit, apple"
JU2014,08 Nov 2010,48.7015,2.1725,Marie-Anne Felix,Rural garden,"Orsay, France",Marie-Anne Felix,"rotting fruit, apple"
JU2016,01 Nov 2010,37.755,-122.463,Marie-Anne Felix,Urban garden,"San Francisco, USA",Christopher Nelson,"rotting fruit, pumpkin"
JU2017,01 Nov 2010,37.755,-122.463,Marie-Anne Felix,Urban garden,"San Francisco, USA",Christopher Nelson,"rotting root, sweet potato"
JU2102,08 Nov 2010,48.7015,2.1725,Marie-Anne Felix,Rural garden,"Orsay, France",Marie-Anne Felix,"rotting fruit, apple"
JU2104,25 Oct 2009,49.121,1.951,Marie-Anne Felix,Forest,"Santeuil, France",Marie-Anne Felix,rotting stem Dipsacus fullonum
JU2106,10 Jul 2011,43.06,0.24,Marie-Anne Felix,Rural garden,"Frechendets, France",Marie-Anne Felix,compost
JU2131,09 Aug 2011,48.0498,-4.705,Marie-Anne Felix,Wet shrubland,"Baie des Trepasses, France",Marie-Anne Felix,"rotting stem, Heracleum sphondylium"
JU2132,09 Aug 2011,48.0498,-4.705,Marie-Anne Felix,Wet shrubland,"Baie des Trepasses, France",Marie-Anne Felix,"rotting stem, Heracleum sphondylium"
JU2139,23 Oct 2011,46.639,1.05084,Marie-Anne Felix,Forest,"Le Blanc, France",Marie-Anne Felix,"rotting fruit, acorns"
JU2140,23 Oct 2011,46.639,1.05084,Marie-Anne Felix,Forest,"Le Blanc, France",Marie-Anne Felix,"live mollusk, slug"
JU2141,23 Oct 2011,46.6293,1.0512,Marie-Anne Felix,Agricultural land,"Le Blanc, France",Marie-Anne Felix,"rotting fruit, walnut"
JU2151,31 Oct 2011,49.121,1.951,Marie-Anne Felix,Forest,"Santeuil, France",Marie-Anne Felix,"rotting stem, Heracleum sphondylium"
KR314,01 May 1984,49.28,-123.13,NA,Urban garden,"Vancouver, Canada",F. Dill,decaying avocado
LKC34,17 Jun 2005,-18,46,NA,,Madagascar,V. Stowell,"rotting seed, Dypsis baronii"
LSJ1,01 JAN 1951,51.46,-2.6,Warwick L. Nicholas,Urban garden,"Bristol, Great Britain",W. Nicholas,mushroom compost
LSJ2,,,,NA,,,,
MY1,01 Jul 2007,52.54,7.31,Hinrich Schulenburg,Urban garden,"Lingen, Germany",H. Schulenburg,compost heap
MY2,01 Jul 2007,51.96,7.53,Hinrich Schulenburg,Urban garden,"Roxel, Germany",H. Schulenburg,compost heap
MY3,,,,NA,,,,
MY4,,,,NA,,,,
MY5,,,,NA,,,,
MY6,01 Jul 2007,51.96,7.53,Hinrich Schulenburg,Urban garden,"Roxel, Germany",H. Schulenburg,compost heap
MY7,01 Jul 2007,51.96,7.53,Hinrich Schulenburg,Urban garden,"Roxel, Germany",H. Schulenburg,compost heap
MY8,,,,NA,,,,
MY9,,,,NA,,,,
MY10,01 Jul 2007,51.96,7.53,Hinrich Schulenburg,Urban garden,"Roxel, Germany",H. Schulenburg,compost heap
MY11,,,,NA,,,,
MY12,,,,NA,,,,
MY13,,,,NA,,,,
MY14,01 Jul 2007,51.93,7.57,Hinrich Schulenburg,Urban garden,"Mecklenbeck, Germany",H. Schulenburg,compost heap
MY15,01 Jul 2007,51.93,7.57,Hinrich Schulenburg,Urban garden,"Mecklenbeck, Germany",H. Schulenburg,compost heap
MY16,01 Jul 2007,51.93,7.57,Hinrich Schulenburg,Urban garden,"Mecklenbeck, Germany",H. Schulenburg,compost heap
MY17,,,,NA,,,,
MY18,01 Jul 2007,51.96,7.53,Hinrich Schulenburg,Urban garden,"Roxel, Germany",H. Schulenburg,compost heap
MY19,,,,NA,,,,
MY20,,,,NA,,,,
MY21,,,,NA,,,,
MY22,,,,NA,,,,
MY23,01 Jul 2007,51.96,7.53,Hinrich Schulenburg,Urban garden,"Roxel, Germany",H. Schulenburg,compost heap
MY313,11 May 2010,54.3495,10.1182,Hinrich Schulenburg,,"botanical garden, Kiel, Schleswig-Holstein, Germany",Hinrich Schulenburg,from fruits: rotting apple compost
MY314,11 May 2010,54.3495,10.1182,Hinrich Schulenburg,,"botanical garden, Kiel, Schleswig-Holstein, Germany",Hinrich Schulenburg,from fruits: rotting apple compost
MY315,11 May 2010,54.3495,10.1182,Hinrich Schulenburg,,"botanical garden, Kiel, Schleswig-Holstein, Germany",Hinrich Schulenburg,from fruits: rotting apple compost
MY316,11 May 2010,54.3495,10.1182,Hinrich Schulenburg,,"botanical garden, Kiel, Schleswig-Holstein, Germany",Hinrich Schulenburg,from fruits: rotting apple compost
MY317,11 May 2010,54.3495,10.1182,Hinrich Schulenburg,,"botanical garden, Kiel, Schleswig-Holstein, Germany",Hinrich Schulenburg,from fruits: rotting apple compost
MY318,11 May 2010,54.3495,10.1182,Hinrich Schulenburg,,"botanical garden, Kiel, Schleswig-Holstein, Germany",Hinrich Schulenburg,from fruits: rotting apple compost
MY319,11 May 2010,54.3495,10.1182,Hinrich Schulenburg,,"botanical garden, Kiel, Schleswig-Holstein, Germany",Hinrich Schulenburg,from fruits: rotting apple compost
MY320,11 May 2010,54.3495,10.1182,Hinrich Schulenburg,,"botanical garden, Kiel, Schleswig-Holstein, Germany",Hinrich Schulenburg,from fruits: rotting apple compost
MY321,11 May 2010,54.3495,10.1182,Hinrich Schulenburg,,"botanical garden, Kiel, Schleswig-Holstein, Germany",Hinrich Schulenburg,from fruits: rotting apple compost
MY322,11 May 2010,54.3495,10.1182,Hinrich Schulenburg,,"botanical garden, Kiel, Schleswig-Holstein, Germany",Hinrich Schulenburg,from fruits: rotting apple compost
MY323,11 May 2010,54.3495,10.1182,Hinrich Schulenburg,,"botanical garden, Kiel, Schleswig-Holstein, Germany",Hinrich Schulenburg,from fruits: rotting apple compost
MY324,11 May 2010,54.3495,10.1182,Hinrich Schulenburg,,"botanical garden, Kiel, Schleswig-Holstein, Germany",Hinrich Schulenburg,from fruits: rotting apple compost
MY340,11 Jul 2010,51.9516,7.54,Hinrich Schulenburg,,"private garden in Muenster, Nordrhein-Westfalen, Germany",Hinrich Schulenburg,upper/new layer of a compost heap
MY341,11 Jul 2010,51.9516,7.54,Hinrich Schulenburg,,"private garden in Muenster, Nordrhein-Westfalen, Germany",Hinrich Schulenburg,lower/old layer of a compost heap
MY342,11 Jul 2010,51.9516,7.54,Hinrich Schulenburg,,"private garden in Muenster, Nordrhein-Westfalen, Germany",Hinrich Schulenburg,lower/old layer of a compost heap
MY343,11 Jul 2010,51.9516,7.54,Hinrich Schulenburg,,"private garden in Muenster, Nordrhein-Westfalen, Germany",Hinrich Schulenburg,lower/old layer of a compost heap
MY344,11 Jul 2010,51.9516,7.54,Hinrich Schulenburg,,"private garden in Muenster, Nordrhein-Westfalen, Germany",Hinrich Schulenburg,lower/old layer of a compost heap
MY345,11 Jul 2010,51.9516,7.54,Hinrich Schulenburg,,"private garden in Muenster, Nordrhein-Westfalen, Germany",Hinrich Schulenburg,lower/old layer of a compost heap
MY346,11 Jul 2010,51.9516,7.54,Hinrich Schulenburg,,"private garden in Muenster, Nordrhein-Westfalen, Germany",Hinrich Schulenburg,lower/old layer of a compost heap
MY347,11 Jul 2010,51.9516,7.54,Hinrich Schulenburg,,"private garden in Muenster, Nordrhein-Westfalen, Germany",Hinrich Schulenburg,lower/old layer of a compost heap
MY348,11 Jul 2010,51.9516,7.54,Hinrich Schulenburg,,"private garden in Muenster, Nordrhein-Westfalen, Germany",Hinrich Schulenburg,upper/new layer of a compost heap
MY349,11 Jul 2010,51.9516,7.54,Hinrich Schulenburg,,"private garden in Muenster, Nordrhein-Westfalen, Germany",Hinrich Schulenburg,lower/old layer of a compost heap
MY350,11 Jul 2010,51.9516,7.54,Hinrich Schulenburg,,"private garden in Muenster, Nordrhein-Westfalen, Germany",Hinrich Schulenburg,lower/old layer of a compost heap
MY351,11 Jul 2010,51.9516,7.54,Hinrich Schulenburg,,"private garden in Muenster, Nordrhein-Westfalen, Germany",Hinrich Schulenburg,lower/old layer of a compost heap
MY363,11 Jul 2010,51.9516,7.54,Hinrich Schulenburg,,"private garden in Muenster, Nordrhein-Westfalen, Germany",Hinrich Schulenburg,lower/old layer of a compost heap
MY364,11 Jul 2010,51.9516,7.54,Hinrich Schulenburg,,"private garden in Muenster, Nordrhein-Westfalen, Germany",Hinrich Schulenburg,lower/old layer of a compost heap
MY365,11 Jul 2010,51.9516,7.54,Hinrich Schulenburg,,"private garden in Muenster, Nordrhein-Westfalen, Germany",Hinrich Schulenburg,lower/old layer of a compost heap
MY366,11 Jul 2010,51.9516,7.54,Hinrich Schulenburg,,"private garden in Muenster, Nordrhein-Westfalen, Germany",Hinrich Schulenburg,lower/old layer of a compost heap
MY367,11 Jul 2010,51.9516,7.54,Hinrich Schulenburg,,"private garden in Muenster, Nordrhein-Westfalen, Germany",Hinrich Schulenburg,lower/old layer of a compost heap
MY368,11 Jul 2010,51.9516,7.54,Hinrich Schulenburg,,"private garden in Muenster, Nordrhein-Westfalen, Germany",Hinrich Schulenburg,lower/old layer of a compost heap
MY369,11 Jul 2010,51.9516,7.54,Hinrich Schulenburg,,"private garden in Muenster, Nordrhein-Westfalen, Germany",Hinrich Schulenburg,lower/old layer of a compost heap
MY370,11 Jul 2010,51.9516,7.54,Hinrich Schulenburg,,"private garden in Muenster, Nordrhein-Westfalen, Germany",Hinrich Schulenburg,lower/old layer of a compost heap
MY371,11 Jul 2010,51.9516,7.54,Hinrich Schulenburg,,"private garden in Muenster, Nordrhein-Westfalen, Germany",Hinrich Schulenburg,middle layer of a compost heap
MY372,11 Jul 2010,51.9516,7.54,Hinrich Schulenburg,,"private garden in Muenster, Nordrhein-Westfalen, Germany",Hinrich Schulenburg,lower/old layer of a compost heap
MY373,11 Jul 2010,51.9516,7.54,Hinrich Schulenburg,,"private garden in Muenster, Nordrhein-Westfalen, Germany",Hinrich Schulenburg,upper/new layer of a compost heap
MY374,11 Jul 2010,51.9516,7.54,Hinrich Schulenburg,,"private garden in Muenster, Nordrhein-Westfalen, Germany",Hinrich Schulenburg,lower/old layer of a compost heap
MY375,20 Oct 2010,54.3495,10.1182,Hinrich Schulenburg,,"botanical garden, Kiel, Schleswig-Holstein, Germany",Hinrich Schulenburg,compost heap
MY379,13 Oct 2010,51.9655,7.6092,Hinrich Schulenburg,,"botanical garden in Muenster, Nordhrein-Westfalen, Germany",Hinrich Schulenburg,rotten apple
MY380,13 Oct 2010,51.9655,7.6092,Hinrich Schulenburg,,"botanical garden in Muenster, Nordhrein-Westfalen, Germany",Hinrich Schulenburg,rotten apple
MY381,13 Oct 2010,51.9521,7.5998,Hinrich Schulenburg,,"farming museum in Muenster, Nordrhein-Westfalen, Germany",Hinrich Schulenburg,rotten apple
MY382,13 Oct 2010,51.9655,7.6092,Hinrich Schulenburg,,"botanical garden in Muenster, Nordhrein-Westfalen, Germany",Hinrich Schulenburg,rotten apple
MY383,13 Oct 2010,51.9521,7.5998,Hinrich Schulenburg,,"farming museum in Muenster, Nordrhein-Westfalen, Germany",Hinrich Schulenburg,rotten apple
MY384,13 Oct 2010,51.9516,7.54,Hinrich Schulenburg,,"private garden in Muenster, Nordrhein-Westfalen, Germany",Hinrich Schulenburg,upper/new layer of a compost heap
MY385,13 Oct 2010,51.9655,7.6092,Hinrich Schulenburg,,"botanical garden in Muenster, Nordhrein-Westfalen, Germany",Hinrich Schulenburg,rotten apple
MY386,13 Oct 2010,51.9655,7.6092,Hinrich Schulenburg,,"botanical garden in Muenster, Nordhrein-Westfalen, Germany",Hinrich Schulenburg,rotten apple
MY387,13 Oct 2010,51.9648,7.611,Hinrich Schulenburg,,"botanical garden in Muenster, Nordhrein-Westfalen, Germany",Hinrich Schulenburg,rotten apple
MY388,13 Oct 2010,51.9655,7.6092,Hinrich Schulenburg,,"botanical garden in Muenster, Nordhrein-Westfalen, Germany",Hinrich Schulenburg,rotten apple
MY389,13 Oct 2010,51.9648,7.611,Hinrich Schulenburg,,"botanical garden in Muenster, Nordhrein-Westfalen, Germany",Hinrich Schulenburg,rotten apple
MY390,13 Oct 2010,51.9655,7.6092,Hinrich Schulenburg,,"botanical garden in Muenster, Nordhrein-Westfalen, Germany",Hinrich Schulenburg,rotten apple
MY391,13 Oct 2010,51.9648,7.611,Hinrich Schulenburg,,"botanical garden in Muenster, Nordhrein-Westfalen, Germany",Hinrich Schulenburg,rotten apple
MY392,13 Oct 2010,51.9648,7.611,Hinrich Schulenburg,,"botanical garden in Muenster, Nordhrein-Westfalen, Germany",Hinrich Schulenburg,rotten apple
MY393,13 Oct 2010,51.9648,7.611,Hinrich Schulenburg,,"botanical garden in Muenster, Nordhrein-Westfalen, Germany",Hinrich Schulenburg,rotten apple
MY394,13 Oct 2010,51.9648,7.611,Hinrich Schulenburg,,"botanical garden in Muenster, Nordhrein-Westfalen, Germany",Hinrich Schulenburg,rotten apple
MY395,13 Oct 2010,51.9521,7.5998,Hinrich Schulenburg,,"farming museum in Muenster, Nordrhein-Westfalen, Germany",Hinrich Schulenburg,rotten apple
MY396,13 Oct 2010,51.9521,7.5998,Hinrich Schulenburg,,"farming museum in Muenster, Nordrhein-Westfalen, Germany",Hinrich Schulenburg,rotten apple
MY397,13 Oct 2010,51.9648,7.611,Hinrich Schulenburg,,"botanical garden in Muenster, Nordhrein-Westfalen, Germany",Hinrich Schulenburg,rotten apple
MY398,13 Oct 2010,51.9648,7.611,Hinrich Schulenburg,,"botanical garden in Muenster, Nordhrein-Westfalen, Germany",Hinrich Schulenburg,rotten apple
MY399,11 Jul 2010,51.9516,7.54,Hinrich Schulenburg,,"private garden in Muenster, Nordrhein-Westfalen, Germany",Hinrich Schulenburg,lower/old layer of a compost heap
MY400,11 Jul 2010,51.9516,7.54,Hinrich Schulenburg,,"private garden in Muenster, Nordrhein-Westfalen, Germany",Hinrich Schulenburg,lower/old layer of a compost heap
MY401,11 Jul 2010,51.9516,7.54,Hinrich Schulenburg,,"private garden in Muenster, Nordrhein-Westfalen, Germany",Hinrich Schulenburg,lower/old layer of a compost heap
MY402,11 Jul 2010,51.9516,7.54,Hinrich Schulenburg,,"private garden in Muenster, Nordrhein-Westfalen, Germany",Hinrich Schulenburg,upper/new layer of a compost heap
MY403,11 Jul 2010,51.9516,7.54,Hinrich Schulenburg,,"private garden in Muenster, Nordrhein-Westfalen, Germany",Hinrich Schulenburg,upper/new layer of a compost heap
MY404,20 Oct 2010,54.3495,10.1182,Hinrich Schulenburg,,"botanical garden in Kiel, Schleswig-Holstein, Germany",Hinrich Schulenburg,compost heap
MY405,11 Jul 2010,51.9516,7.54,Hinrich Schulenburg,,"private garden in Muenster, Nordrhein-Westfalen, Germany",Hinrich Schulenburg,lower/old layer of a compost heap
MY406,20 Oct 2010,54.3495,10.1182,Hinrich Schulenburg,,"botanical garden in Kiel, Schleswig-Holstein, Germany",Hinrich Schulenburg,compost heap
MY407,11 Jul 2010,51.9516,7.54,Hinrich Schulenburg,,"private garden in Muenster, Nordrhein-Westfalen, Germany",Hinrich Schulenburg,lower/old layer of a compost heap
MY408,20 Oct 2010,54.3495,10.1182,Hinrich Schulenburg,,"botanical garden in Kiel, Schleswig-Holstein, Germany",Hinrich Schulenburg,compost heap
MY409,20 Oct 2010,54.3495,10.1182,Hinrich Schulenburg,,"botanical garden in Kiel, Schleswig-Holstein, Germany",Hinrich Schulenburg,compost heap
MY410,20 Oct 2010,54.3495,10.1182,Hinrich Schulenburg,,"botanical garden in Kiel, Schleswig-Holstein, Germany",Hinrich Schulenburg,compost heap
MY411,20 Oct 2010,54.3495,10.1182,Hinrich Schulenburg,,"botanical garden in Kiel, Schleswig-Holstein, Germany",Hinrich Schulenburg,compost heap
MY412,20 Oct 2010,54.3495,10.1182,Hinrich Schulenburg,,"botanical garden in Kiel, Schleswig-Holstein, Germany",Hinrich Schulenburg,compost heap
MY413,20 Oct 2010,54.3495,10.1182,Hinrich Schulenburg,,"botanical garden in Kiel, Schleswig-Holstein, Germany",Hinrich Schulenburg,compost heap
MY415,20 Oct 2010,54.3495,10.1182,Hinrich Schulenburg,,"botanical garden in Kiel, Schleswig-Holstein, Germany",Hinrich Schulenburg,compost heap
MY416,20 Oct 2010,54.3495,10.1182,Hinrich Schulenburg,,"botanical garden in Kiel, Schleswig-Holstein, Germany",Hinrich Schulenburg,compost heap
MY417,20 Oct 2010,54.3495,10.1182,Hinrich Schulenburg,,"botanical garden in Kiel, Schleswig-Holstein, Germany",Hinrich Schulenburg,compost heap
MY418,11 May 2010,54.3495,10.1182,Hinrich Schulenburg,,"botanical garden in Kiel, Schleswig-Holstein, Germany",Hinrich Schulenburg,rotting apple compost in the wood
MY419,11 May 2010,54.3495,10.1182,Hinrich Schulenburg,,"botanical garden in Kiel, Schleswig-Holstein, Germany",Hinrich Schulenburg,rotting apple compost in the wood
MY420,11 Jul 2010,51.9516,7.54,Hinrich Schulenburg,,"private garden in Muenster, Nordrhein-Westfalen, Germany",Hinrich Schulenburg,lower/old layer of a compost heap
MY421,11 May 2010,54.3495,10.1182,Hinrich Schulenburg,,"botanical garden in Kiel, Schleswig-Holstein, Germany",Hinrich Schulenburg,rotting apple compost in the wood
MY423,11 May 2010,54.3495,10.1182,Hinrich Schulenburg,,"botanical garden in Kiel, Schleswig-Holstein, Germany",Hinrich Schulenburg,rotting apple compost in the wood
MY424,11 May 2010,54.3495,10.1182,Hinrich Schulenburg,,"botanical garden in Kiel, Schleswig-Holstein, Germany",Hinrich Schulenburg,rotting apple compost in the wood
MY425,11 May 2010,54.3495,10.1182,Hinrich Schulenburg,,"botanical garden in Kiel, Schleswig-Holstein, Germany",Hinrich Schulenburg,rotting apple compost in the wood
MY426,11 Jul 2010,51.9516,7.54,Hinrich Schulenburg,,"private garden in Muenster, Nordrhein-Westfalen, Germany",Hinrich Schulenburg,upper/new layer of a compost heap
MY427,11 May 2010,54.3495,10.1182,Hinrich Schulenburg,,"botanical garden in Kiel, Schleswig-Holstein, Germany",Hinrich Schulenburg,rotting apple compost in the wood
MY428,11 May 2010,54.3495,10.1182,Hinrich Schulenburg,,"botanical garden in Kiel, Schleswig-Holstein, Germany",Hinrich Schulenburg,rotting apple compost in the wood
MY429,11 May 2010,54.3495,10.1182,Hinrich Schulenburg,,"botanical garden in Kiel, Schleswig-Holstein, Germany",Hinrich Schulenburg,rotting apple compost in the wood
MY430,11 May 2010,54.3495,10.1182,Hinrich Schulenburg,,"botanical garden in Kiel, Schleswig-Holstein, Germany",Hinrich Schulenburg,rotting apple compost in the wood
MY431,11 May 2010,54.3495,10.1182,Hinrich Schulenburg,,"botanical garden in Kiel, Schleswig-Holstein, Germany",Hinrich Schulenburg,rotting apple compost in the wood
MY432,21 Sep 2010,54.3495,10.1182,Hinrich Schulenburg,,"botanical garden in Kiel, Schleswig-Holstein, Germany",Hinrich Schulenburg,soil under an appletree
MY433,11 May 2010,54.3495,10.1182,Hinrich Schulenburg,,"botanical garden in Kiel, Schleswig-Holstein, Germany",Hinrich Schulenburg,rotting apple compost in the wood
MY434,11 May 2010,54.3495,10.1182,Hinrich Schulenburg,,"botanical garden in Kiel, Schleswig-Holstein, Germany",Hinrich Schulenburg,rotting apple compost in the wood
MY435,11 May 2010,54.3495,10.1182,Hinrich Schulenburg,,"botanical garden in Kiel, Schleswig-Holstein, Germany",Hinrich Schulenburg,rotting apple compost in the wood
MY436,11 Jul 2010,51.9516,7.54,Hinrich Schulenburg,,"private garden in Muenster, Nordrhein-Westfalen, Germany",Hinrich Schulenburg,lower/old layer of a compost heap
MY437,11 Jul 2010,51.9516,7.54,Hinrich Schulenburg,,"private garden in Muenster, Nordrhein-Westfalen, Germany",Hinrich Schulenburg,lower/old layer of a compost heap
MY438,11 May 2010,54.3495,10.1182,Hinrich Schulenburg,,"botanical garden in Kiel, Schleswig-Holstein, Germany",Hinrich Schulenburg,rotting apple compost in the wood
MY439,11 Jul 2010,51.9516,7.54,Hinrich Schulenburg,,"private garden in Muenster, Nordrhein-Westfalen, Germany",Hinrich Schulenburg,lower/old layer of a compost heap
MY440,11 Jul 2010,51.9516,7.54,Hinrich Schulenburg,,"private garden in Muenster, Nordrhein-Westfalen, Germany",Hinrich Schulenburg,lower/old layer of a compost heap
MY441,11 Jul 2010,51.9516,7.54,Hinrich Schulenburg,,"private garden in Muenster, Nordrhein-Westfalen, Germany",Hinrich Schulenburg,lower/old layer of a compost heap
MY442,11 May 2010,54.3495,10.1182,Hinrich Schulenburg,,"botanical garden in Kiel, Schleswig-Holstein, Germany",Hinrich Schulenburg,rotting apple compost in the wood
MY443,11 Jul 2010,51.9516,7.54,Hinrich Schulenburg,,"private garden in Muenster, Nordrhein-Westfalen, Germany",Hinrich Schulenburg,upper/new layer of a compost heap
MY444,11 May 2010,54.3495,10.1182,Hinrich Schulenburg,,"botanical garden in Kiel, Schleswig-Holstein, Germany",Hinrich Schulenburg,rotting apple compost in the wood
MY445,11 May 2010,54.3495,10.1182,Hinrich Schulenburg,,"botanical garden in Kiel, Schleswig-Holstein, Germany",Hinrich Schulenburg,rotting apple compost in the wood
MY446,11 May 2010,54.3495,10.1182,Hinrich Schulenburg,,"botanical garden in Kiel, Schleswig-Holstein, Germany",Hinrich Schulenburg,rotting apple compost in the wood
MY447,11 May 2010,54.3495,10.1182,Hinrich Schulenburg,,"botanical garden in Kiel, Schleswig-Holstein, Germany",Hinrich Schulenburg,rotting apple compost in the wood
MY448,11 May 2010,54.3495,10.1182,Hinrich Schulenburg,,"botanical garden in Kiel, Schleswig-Holstein, Germany",Hinrich Schulenburg,rotting apple compost in the wood
MY449,11 May 2010,54.3495,10.1182,Hinrich Schulenburg,,"botanical garden in Kiel, Schleswig-Holstein, Germany",Hinrich Schulenburg,rotting apple compost in the wood
MY450,11 May 2010,54.3495,10.1182,Hinrich Schulenburg,,"botanical garden in Kiel, Schleswig-Holstein, Germany",Hinrich Schulenburg,rotting apple compost in the wood
MY451,11 May 2010,54.3495,10.1182,Hinrich Schulenburg,,"botanical garden in Kiel, Schleswig-Holstein, Germany",Hinrich Schulenburg,rotting apple compost in the wood
MY452,11 May 2010,54.3495,10.1182,Hinrich Schulenburg,,"botanical garden in Kiel, Schleswig-Holstein, Germany",Hinrich Schulenburg,rotting apple compost in the wood
MY453,11 May 2010,54.3495,10.1182,Hinrich Schulenburg,,"botanical garden in Kiel, Schleswig-Holstein, Germany",Hinrich Schulenburg,rotting apple compost in the wood
MY472,11 May 2010,54.3495,10.1182,Hinrich Schulenburg,,"botanical garden in Kiel, Schleswig-Holstein, Germany",Hinrich Schulenburg,rotting apple compost in the wood
MY473,11 May 2010,54.3495,10.1182,Hinrich Schulenburg,,"botanical garden in Kiel, Schleswig-Holstein, Germany",Hinrich Schulenburg,rotting apple compost in the wood
MY474,11 May 2010,54.3495,10.1182,Hinrich Schulenburg,,"botanical garden in Kiel, Schleswig-Holstein, Germany",Hinrich Schulenburg,rotting apple compost in the wood
MY475,11 May 2010,54.3495,10.1182,Hinrich Schulenburg,,"botanical garden in Kiel, Schleswig-Holstein, Germany",Hinrich Schulenburg,rotting apple compost in the wood
MY476,11 May 2010,54.3495,10.1182,Hinrich Schulenburg,,"botanical garden in Kiel, Schleswig-Holstein, Germany",Hinrich Schulenburg,rotting apple compost in the wood
MY477,11 May 2010,54.3495,10.1182,Hinrich Schulenburg,,"botanical garden in Kiel, Schleswig-Holstein, Germany",Hinrich Schulenburg,rotting apple compost in the wood
MY478,11 May 2010,54.3495,10.1182,Hinrich Schulenburg,,"botanical garden in Kiel, Schleswig-Holstein, Germany",Hinrich Schulenburg,rotting apple compost in the wood
MY479,20 Oct 2010,54.3495,10.1182,Hinrich Schulenburg,,"botanical garden in Kiel, Schleswig-Holstein, Germany",Hinrich Schulenburg,compost heap
MY480,11 May 2010,54.3495,10.1182,Hinrich Schulenburg,,"botanical garden in Kiel, Schleswig-Holstein, Germany",Hinrich Schulenburg,compost heap
MY481,11 May 2010,54.3495,10.1182,Hinrich Schulenburg,,"botanical garden in Kiel, Schleswig-Holstein, Germany",Hinrich Schulenburg,rotting apple compost in the wood
MY482,20 Oct 2010,54.3495,10.1182,Hinrich Schulenburg,,"botanical garden in Kiel, Schleswig-Holstein, Germany",Hinrich Schulenburg,compost heap
MY483,11 Jul 2010,51.9516,7.54,Hinrich Schulenburg,,"private garden in Muenster, Nordrhein-Westfalen, Germany",Hinrich Schulenburg,lower/old layer of a compost heap
MY484,11 May 2010,54.3495,10.1182,Hinrich Schulenburg,,"botanical garden in Kiel, Schleswig-Holstein, Germany",Hinrich Schulenburg,rotting apple compost in the wood
MY486,11 May 2010,54.3495,10.1182,Hinrich Schulenburg,,"botanical garden in Kiel, Schleswig-Holstein, Germany",Hinrich Schulenburg,rotting apple compost in the wood
MY487,11 May 2010,54.3495,10.1182,Hinrich Schulenburg,,"botanical garden in Kiel, Schleswig-Holstein, Germany",Hinrich Schulenburg,rotting apple compost in the wood
MY488,11 May 2010,54.3495,10.1182,Hinrich Schulenburg,,"botanical garden in Kiel, Schleswig-Holstein, Germany",Hinrich Schulenburg,rotting apple compost in the wood
MY489,11 May 2010,54.3495,10.1182,Hinrich Schulenburg,,"botanical garden in Kiel, Schleswig-Holstein, Germany",Hinrich Schulenburg,rotting apple compost in the wood
MY490,20 Oct 2010,54.3495,10.1182,Hinrich Schulenburg,,"botanical garden in Kiel, Schleswig-Holstein, Germany",Hinrich Schulenburg,compost heap
MY491,11 May 2010,54.3495,10.1182,Hinrich Schulenburg,,"botanical garden in Kiel, Schleswig-Holstein, Germany",Hinrich Schulenburg,rotting apple compost in the wood
MY492,11 May 2010,54.3495,10.1182,Hinrich Schulenburg,,"botanical garden in Kiel, Schleswig-Holstein, Germany",Hinrich Schulenburg,rotting apple compost in the wood
MY493,11 May 2010,54.3495,10.1182,Hinrich Schulenburg,,"botanical garden in Kiel, Schleswig-Holstein, Germany",Hinrich Schulenburg,rotting apple compost in the wood
MY494,11 May 2010,54.3495,10.1182,Hinrich Schulenburg,,"botanical garden in Kiel, Schleswig-Holstein, Germany",Hinrich Schulenburg,rotting apple compost in the wood
MY495,11 May 2010,54.3495,10.1182,Hinrich Schulenburg,,"botanical garden in Kiel, Schleswig-Holstein, Germany",Hinrich Schulenburg,rotting apple compost in the wood
MY496,20 Oct 2010,54.3495,10.1182,Hinrich Schulenburg,,"botanical garden in Kiel, Schleswig-Holstein, Germany",Hinrich Schulenburg,compost heap
MY497,11 May 2010,54.3495,10.1182,Hinrich Schulenburg,,"botanical garden in Kiel, Schleswig-Holstein, Germany",Hinrich Schulenburg,rotting apple compost in the wood
MY498,20 Oct 2010,54.3495,10.1182,Hinrich Schulenburg,,"botanical garden in Kiel, Schleswig-Holstein, Germany",Hinrich Schulenburg,compost heap
MY499,11 May 2010,54.3495,10.1182,Hinrich Schulenburg,,"botanical garden in Kiel, Schleswig-Holstein, Germany",Hinrich Schulenburg,rotting apple compost in the wood
MY500,11 May 2010,54.3495,10.1182,Hinrich Schulenburg,,"botanical garden in Kiel, Schleswig-Holstein, Germany",Hinrich Schulenburg,rotting apple compost in the wood
MY501,11 May 2010,54.3495,10.1182,Hinrich Schulenburg,,"botanical garden in Kiel, Schleswig-Holstein, Germany",Hinrich Schulenburg,rotting apple compost in the wood
MY502,11 May 2010,54.3495,10.1182,Hinrich Schulenburg,,"botanical garden in Kiel, Schleswig-Holstein, Germany",Hinrich Schulenburg,rotting apple compost in the wood
MY503,11 May 2010,54.3495,10.1182,Hinrich Schulenburg,,"botanical garden in Kiel, Schleswig-Holstein, Germany",Hinrich Schulenburg,rotting apple compost in the wood
MY504,20 Oct 2010,54.3495,10.1182,Hinrich Schulenburg,,"botanical garden in Kiel, Schleswig-Holstein, Germany",Hinrich Schulenburg,compost heap
MY505,20 Oct 2010,54.3495,10.1182,Hinrich Schulenburg,,"botanical garden in Kiel, Schleswig-Holstein, Germany",Hinrich Schulenburg,compost heap
MY506,11 Jul 2010,51.9516,7.54,Hinrich Schulenburg,,"private garden in Muenster, Nordrhein-Westfalen, Germany",Hinrich Schulenburg,lower/old layer of a compost heap
MY507,11 Jul 2010,51.9516,7.54,Hinrich Schulenburg,,"private garden in Muenster, Nordrhein-Westfalen, Germany",Hinrich Schulenburg,lower/old layer of a compost heap
N2,01 JAN 1951,51.46,-2.6,Warwick L. Nicholas,Urban garden,"Bristol, Great Britain",W. Nicholas,mushroom compost
PB303,14 Nov 1998,,,Scott Baird,,"Ward's Biological Supply, A",S. Baird,"live arthropod, Porcellio scaber"
PB306,28 Nov 1998,,,Scott Baird,,"Connecticut Valley Biological Supply, A",S. Baird,"live arthropod, Porcellio scaber"
PS2025,,34.19,-118.13,John DeModena,Urban garden,"Altadena, USA",J. Demodena,
PX174,14 Sep 2001,44.96,-124.02,NA,Forest,"Lincoln City, USA",B. White,soil
PX176,,,,NA,,,,
PX178,01 Sep 2001,44.05,-123.11,NA,,"Eugene, USA",B. White,live arthropod
PX179,02 Oct 2001,44.05,-123.11,NA,,"Eugene, USA",B. White,live arthropod
QR25,01 JAN 2008,45.28,73.45,NA,,"Montreal, Quebec, Canada",,garden soil
QX1211,26 Nov 2007,37.7502,-122.433,Matthew Rockman,Urban garden,"San Francisco, California",M. Rockman,soil under rotting orange
QX1212,26 Nov 2007,37.7502,-122.433,Matthew Rockman,Urban garden,"San Francisco, California",Matt Rockman,soil under rotting orange
QX1213,26 Nov 2007,37.7502,-122.433,Matthew Rockman,Urban garden,"San Francisco, California",Matt Rockman,soil under rotting orange
QX1214,26 Nov 2007,37.7502,-122.433,Matthew Rockman,Urban garden,"San Francisco, California",Matt Rockman,soil under rotting orange
QX1215,26 Nov 2007,37.7502,-122.433,Matthew Rockman,Urban garden,"San Francisco, California",Matt Rockman,soil under rotting orange
QX1216,26 Nov 2007,37.7502,-122.433,Matthew Rockman,Urban garden,"San Francisco, California",M. Rockman,soil under rotting orange
QX1217,24 Nov 2007,37.8804,-122.284,Matthew Rockman,Urban garden,"Berkeley, California",Matt Rockman,compost heap
QX1218,24 Nov 2007,37.8804,-122.284,Matthew Rockman,Urban garden,"Berkeley, California",M. Rockman,compost heap
QX1219,24 Nov 2007,37.8804,-122.284,Matthew Rockman,Urban garden,"Berkeley, California",Matt Rockman,compost heap
QX1220,24 Nov 2007,37.8804,-122.284,Matthew Rockman,Urban garden,"Berkeley, California",Matt Rockman,compost heap
QX1221,24 Nov 2007,37.8804,-122.284,Matthew Rockman,Urban garden,"Berkeley, California",Matt Rockman,compost heap
QX1222,24 Nov 2007,37.8804,-122.284,Matthew Rockman,Urban garden,"Berkeley, California",Matt Rockman,compost heap
QX1223,24 Nov 2007,37.8804,-122.284,Matthew Rockman,Urban garden,"Berkeley, California",Matt Rockman,compost heap
QX1224,24 Nov 2007,37.8804,-122.284,Matthew Rockman,Urban garden,"Berkeley, California",Matt Rockman,compost heap
QX1225,24 Nov 2007,37.8804,-122.284,Matthew Rockman,Urban garden,"Berkeley, California",Matt Rockman,compost heap
QX1226,24 Nov 2007,37.8804,-122.284,Matthew Rockman,Urban garden,"Berkeley, California",Matt Rockman,compost heap
QX1227,24 Nov 2007,37.8804,-122.284,Matthew Rockman,Urban garden,"Berkeley, California",Matt Rockman,compost heap
QX1228,24 Nov 2007,37.8804,-122.284,Matthew Rockman,Urban garden,"Berkeley, California",Matt Rockman,compost heap
QX1229,24 Nov 2007,37.8804,-122.284,Matthew Rockman,Urban garden,"Berkeley, California",Matt Rockman,compost heap
QX1230,24 Nov 2007,37.8804,-122.284,Matthew Rockman,Urban garden,"Berkeley, California",Matt Rockman,compost heap
QX1231,24 Nov 2007,37.8804,-122.284,Matthew Rockman,Urban garden,"Berkeley, California",Matt Rockman,compost heap
QX1232,24 Nov 2007,37.8804,-122.284,Matthew Rockman,Urban garden,"Berkeley, California",Matt Rockman,compost heap
QX1233,24 Nov 2007,37.8804,-122.284,Matthew Rockman,Urban garden,"Berkeley, USA",M. Rockman,compost heap
RC301,01 JAN 1983,47.99,7.84,Randy Cassada,Urban garden,"University of Freiburg, Freiburg, Germany",R. Cassada,compost heap
RW6999,,,,NA,,,,
RW7000,01 JAN 1949,44.85,0.48,Victor Marc Nigon,Urban garden,"Bergerac, France",V. Nigon,soil
TR388,,,,NA,,,,
TR389,,,,NA,,,,
TR403,,,,NA,,,,
VC2010,,,,NA,,,,
WN2002,20 Nov 2007,51.9753,5.69483,Joost Riksen,Rural garden,"Wageningen, Netherlands",J. Riksen,compost heap
WN2003,20 Nov 2007,51.9753,5.69483,Joost Riksen,Rural garden,"Wageningen, Netherlands",J. Riksen,compost heap
QX1414,01 Sep 2008,38.53,92.53,NA,,"Pilot Grove, MO, USA",,rotten tomato and associated soil
QX1410,01 Dec 2008,13.48,61.02,NA,,St. Lucia,,rotting flower
QX2263,,,,NA,,,,
DL226,,,,NA,,,,
GXW1,,,,NA,,,,
QX1547,01 Aug 2009,35.97,-83.92,NA,,"Knoxville, Tennessee",,rotting fruit
JU279,06 Aug 2002,48.844,2.36,Marie-Anne Felix,Urban garden,"Paris, France",Marie-Anne Felix,"dead mollusk, Helix aspersa"
ED3035,,,,NA,,,,
AF8130,,,,NA,,,,
JU348,08 Sep 2002,44.42,4.4,Marie-Anne Felix,Rural garden,"Merlet, France",Marie-Anne Felix,"live mollusk, Oxychilus"
EG4181,,,,NA,,,,
PS312,,,,NA,,,,
QX1545,01 Aug 2009,39.97,-82.99,NA,,"Columbus, Ohio",,rotten vegetable
EG4788,28 Mar 2007,41.63,-8.35,Michael Ailion,,"Amares, Portugal",M. Ailion,"rotting fruit, apple"
SB280,,,,NA,,,,
PB2801,,,,NA,,,,
JU724,13 May 2005,31.22,120.94,Marie-Anne Felix,Agricultural land,"Zhouzhuang, China",Marie-Anne Felix,soil
VT847,,,,NA,,,,
ED3057,,,,NA,,,,
